Workbook

Sheet 2025年4月 
A1: 45748 | C1: １年 | E1: ２年 | G1: ３年 | I1: ４年 | K1: 助産 | M1: 研究課程部 Ｍ１ | O1: 研究課程部 Ｍ２ | Q1: 研究課程部 Ｄ１ | S1: 研究課程部 Ｄ２３ | U1: =A1 -> 45748 | V1: 授業外その他教室等管理スケジュール | AA1: １階 | AG1: ２階 | AW1: ３階 | BI1: ４階 | BK1: 体育棟 | BM1: 研修棟
C2: =A1 -> 45748 | U2: =C2 -> 45748 | AA2: 101 | AB2: 102 | AC2: 103 | AD2: 在宅実習室 | AE2: 成人実習室 | AF2: 講堂 | AG2: 201 | AH2: 202 | AI2: 203 | AJ2: 204 | AK2: 205 | AL2: 基礎実習室 | AM2: 母性小児実習室 | AN2: 演習21 | AO2: 演習22 | AP2: 演習23 | AQ2: 演習24 | AR2: 演習25 | AS2: 演習26 | AT2: 演習27 | AU2: 演習28 | AV2: 演習29 | AW2: 301 | AX2: 302 | AY2: 303 | AZ2: 304 | BA2: 臨床１ | BB2: 臨床２ | BC2: LL1 | BD2: LL2 | BE2: 実験室 | BF2: 情報処理室 | BG2: 演習31 | BH2: 演習32 | BI2: セミナー室１ | BJ2: セミナー室２ | BK2: 大講義室 | BL2: アリーナ | BM2: 研修１ | BN2: 研修３ | BO2: 研修４ | BP2: 研修５ | BQ2: 研修６ | BR2: 研修７ | BS2: 視聴覚室
A3: １時限（09：20～10：50） | B3: 科目名 | C3: =VLOOKUP($C2,'2025年度(1年前期)'!$B$5:$N$208,COLUMN('2025年度(1年前期)'!$C$5),0)&"" | E3: =VLOOKUP($C2,'2025年度(2年前期)'!$B$5:$N$208,COLUMN('2025年度(2年前期)'!$C$5),0)&"" | G3: =VLOOKUP($C2,'2025年度(3年前期)'!$B$5:$N$208,COLUMN('2025年度(3年前期)'!$C$5),0)&"" | I3: =VLOOKUP($C2,'2025年度(4年前期)'!$B$5:$N$208,COLUMN('2025年度(4年前期)'!$C$5),0)&"" | K3: =VLOOKUP($C2,'2025年度(助産前期)'!$B$5:$N$208,COLUMN('2025年度(助産前期)'!$C$5),0)&"" | M3: =VLOOKUP($C2,'2025年度(M1前期)'!$B$5:$N$208,COLUMN('2025年度(M1前期)'!$C$5),0)&"" | O3: =VLOOKUP($C2,'2025年度(M2前期)'!$B$5:$N$208,COLUMN('2025年度(M2前期)'!$C$5),0)&"" | Q3: =VLOOKUP($C2,'2025年度(D1前期)'!$B$5:$N$208,COLUMN('2025年度(D1前期)'!$C$5),0)&"" | S3: =VLOOKUP($C2,'2025年度(D23前期)'!$B$5:$N$208,COLUMN('2025年度(D23前期)'!$C$5),0)&"" | U3: 1～2限、4限 | Z3: =A3 -> １時限（09：20～10：50） | AK3: NCGM面接練習
B4: 教 官 | C4: =IFERROR(VLOOKUP(C3,科目・教員!$A$1:$B$357,2,0),"") | E4: =IFERROR(VLOOKUP(E3,科目・教員!$A$1:$B$357,2,0),"") | G4: =IFERROR(VLOOKUP(G3,科目・教員!$A$1:$B$357,2,0),"") | I4: =IFERROR(VLOOKUP(I3,科目・教員!$A$1:$B$357,2,0),"") | K4: =IFERROR(VLOOKUP(K3,科目・教員!$A$1:$B$357,2,0),"") | M4: =IFERROR(VLOOKUP(M3,科目・教員!$A$1:$B$357,2,0),"") | O4: =IFERROR(VLOOKUP(O3,科目・教員!$A$1:$B$357,2,0),"") | Q4: =IFERROR(VLOOKUP(Q3,科目・教員!$A$1:$B$357,2,0),"") | S4: =IFERROR(VLOOKUP(S3,科目・教員!$A$1:$B$357,2,0),"") | U4: NCGM面接練習
B5: 使用教室 | C5: =VLOOKUP($C2,'2025年度(1年前期)'!$B$5:$N$208,COLUMN('2025年度(1年前期)'!$C$5)+1,0)&"" | E5: =VLOOKUP($C2,'2025年度(2年前期)'!$B$5:$N$208,COLUMN('2025年度(2年前期)'!$C$5)+1,0)&"" | G5: =VLOOKUP($C2,'2025年度(3年前期)'!$B$5:$N$208,COLUMN('2025年度(3年前期)'!$C$5)+1,0)&"" | I5: =VLOOKUP($C2,'2025年度(4年前期)'!$B$5:$N$208,COLUMN('2025年度(4年前期)'!$C$5)+1,0)&"" | K5: =VLOOKUP($C2,'2025年度(助産前期)'!$B$5:$N$208,COLUMN('2025年度(助産前期)'!$C$5)+1,0)&"" | M5: =VLOOKUP($C2,'2025年度(M1前期)'!$B$5:$N$208,COLUMN('2025年度(M1前期)'!C$5)+1,0)&"" | O5: =VLOOKUP($C2,'2025年度(M2前期)'!$B$5:$N$208,COLUMN('2025年度(M2前期)'!$C$5)+1,0)&"" | Q5: =VLOOKUP($C2,'2025年度(D1前期)'!$B$5:$N$208,COLUMN('2025年度(D1前期)'!$C$5)+1,0)&"" | S5: =VLOOKUP($C2,'2025年度(D23前期)'!$B$5:$N$208,COLUMN('2025年度(D23前期)'!$C$5)+1,0)&"" | U5: 205教室
B6: 備 考 | U6: 髙木先生
A7: ２時限（11：00～12：30） | B7: 科目名 | C7: =VLOOKUP($C2,'2025年度(1年前期)'!$B$5:$N$208,COLUMN('2025年度(1年前期)'!$E$5),0)&"" | E7: =VLOOKUP($C2,'2025年度(2年前期)'!$B$5:$N$208,COLUMN('2025年度(2年前期)'!$E$5),0)&"" | G7: =VLOOKUP($C2,'2025年度(3年前期)'!$B$5:$N$208,COLUMN('2025年度(3年前期)'!$E$5),0)&"" | I7: =VLOOKUP($C2,'2025年度(4年前期)'!$B$5:$N$208,COLUMN('2025年度(4年前期)'!$E$5),0)&"" | K7: =VLOOKUP($C2,'2025年度(助産前期)'!$B$5:$N$208,COLUMN('2025年度(助産前期)'!$E$5),0)&"" | M7: =VLOOKUP($C2,'2025年度(M1前期)'!$B$5:$N$208,COLUMN('2025年度(M1前期)'!$E$5),0)&"" | O7: =VLOOKUP($C2,'2025年度(M2前期)'!$B$5:$N$208,COLUMN('2025年度(M2前期)'!$E$5),0)&"" | Q7: =VLOOKUP($C2,'2025年度(D1前期)'!$B$5:$N$208,COLUMN('2025年度(D1前期)'!$E$5),0)&"" | S7: =VLOOKUP($C2,'2025年度(D23前期)'!$B$5:$N$208,COLUMN('2025年度(D23前期)'!$E$5),0)&"" | Z7: =A7 -> ２時限（11：00～12：30） | AK7: NCGM面接練習
B8: 教 官 | C8: =IFERROR(VLOOKUP(C7,科目・教員!$A$1:$B$357,2,0),"") | E8: =IFERROR(VLOOKUP(E7,科目・教員!$A$1:$B$357,2,0),"") | G8: =IFERROR(VLOOKUP(G7,科目・教員!$A$1:$B$357,2,0),"") | I8: =IFERROR(VLOOKUP(I7,科目・教員!$A$1:$B$357,2,0),"") | K8: =IFERROR(VLOOKUP(K7,科目・教員!$A$1:$B$357,2,0),"") | M8: =IFERROR(VLOOKUP(M7,科目・教員!$A$1:$B$357,2,0),"") | O8: =IFERROR(VLOOKUP(O7,科目・教員!$A$1:$B$357,2,0),"") | Q8: =IFERROR(VLOOKUP(Q7,科目・教員!$A$1:$B$357,2,0),"") | S8: =IFERROR(VLOOKUP(S7,科目・教員!$A$1:$B$357,2,0),"")
B9: 使用教室 | C9: =VLOOKUP($C2,'2025年度(1年前期)'!$B$5:$N$208,COLUMN('2025年度(1年前期)'!$E$5)+1,0)&"" | E9: =VLOOKUP($C2,'2025年度(2年前期)'!$B$5:$N$208,COLUMN('2025年度(2年前期)'!$E$5)+1,0)&"" | G9: =VLOOKUP($C2,'2025年度(3年前期)'!$B$5:$N$208,COLUMN('2025年度(3年前期)'!$E$5)+1,0)&"" | I9: =VLOOKUP($C2,'2025年度(4年前期)'!$B$5:$N$208,COLUMN('2025年度(4年前期)'!$E$5)+1,0)&"" | K9: =VLOOKUP($C2,'2025年度(助産前期)'!$B$5:$N$208,COLUMN('2025年度(助産前期)'!$E$5)+1,0)&"" | M9: =VLOOKUP($C2,'2025年度(M1前期)'!$B$5:$N$208,COLUMN('2025年度(M1前期)'!$E$5)+1,0)&"" | O9: =VLOOKUP($C2,'2025年度(M2前期)'!$B$5:$N$208,COLUMN('2025年度(M2前期)'!$E$5)+1,0)&"" | Q9: =VLOOKUP($C2,'2025年度(D1前期)'!$B$5:$N$208,COLUMN('2025年度(D1前期)'!$E$5)+1,0)&"" | S9: =VLOOKUP($C2,'2025年度(D23前期)'!$B$5:$N$208,COLUMN('2025年度(D23前期)'!$E$5)+1,0)&""
B10: 備 考
A11: 昼休み（12：30～13：30） | B11: 活動名 | Z11: =A11 -> 昼休み（12：30～13：30）
B12: 責任者
B13: 使用教室
B14: 備 考 | U14: 共同研究室1・7
A15: ３時限（13：30～15：00） | B15: 科目名 | C15: =VLOOKUP($C2,'2025年度(1年前期)'!$B$5:$N$208,COLUMN('2025年度(1年前期)'!$G$5),0)&"" | E15: =VLOOKUP($C2,'2025年度(2年前期)'!$B$5:$N$208,COLUMN('2025年度(2年前期)'!$G$5),0)&"" | G15: =VLOOKUP($C2,'2025年度(3年前期)'!$B$5:$N$208,COLUMN('2025年度(3年前期)'!$G$5),0)&"" | I15: =VLOOKUP($C2,'2025年度(4年前期)'!$B$5:$N$208,COLUMN('2025年度(4年前期)'!$G$5),0)&"" | K15: =VLOOKUP($C2,'2025年度(助産前期)'!$B$5:$N$208,COLUMN('2025年度(助産前期)'!$G$5),0)&"" | M15: =VLOOKUP($C2,'2025年度(M1前期)'!$B$5:$N$208,COLUMN('2025年度(M1前期)'!$G$5),0)&"" | O15: =VLOOKUP($C2,'2025年度(M2前期)'!$B$5:$N$208,COLUMN('2025年度(M2前期)'!$G$5),0)&"" | Q15: =VLOOKUP($C2,'2025年度(D1前期)'!$B$5:$N$208,COLUMN('2025年度(D1前期)'!$G$5),0)&"" | S15: =VLOOKUP($C2,'2025年度(D23前期)'!$B$5:$N$208,COLUMN('2025年度(D23前期)'!$G$5),0)&"" | U15: 13時～15時 | Z15: =A15 -> ３時限（13：30～15：00）
B16: 教 官 | C16: =IFERROR(VLOOKUP(C15,科目・教員!$A$1:$B$357,2,0),"") | E16: =IFERROR(VLOOKUP(E15,科目・教員!$A$1:$B$357,2,0),"") | G16: =IFERROR(VLOOKUP(G15,科目・教員!$A$1:$B$357,2,0),"") | I16: =IFERROR(VLOOKUP(I15,科目・教員!$A$1:$B$357,2,0),"") | K16: =IFERROR(VLOOKUP(K15,科目・教員!$A$1:$B$357,2,0),"") | M16: =IFERROR(VLOOKUP(M15,科目・教員!$A$1:$B$357,2,0),"") | O16: =IFERROR(VLOOKUP(O15,科目・教員!$A$1:$B$357,2,0),"") | Q16: =IFERROR(VLOOKUP(Q15,科目・教員!$A$1:$B$357,2,0),"") | S16: =IFERROR(VLOOKUP(S15,科目・教員!$A$1:$B$357,2,0),"") | U16: 山下
B17: 使用教室 | C17: =VLOOKUP($C2,'2025年度(1年前期)'!$B$5:$N$208,COLUMN('2025年度(1年前期)'!$G$5)+1,0)&"" | E17: =VLOOKUP($C2,'2025年度(2年前期)'!$B$5:$N$208,COLUMN('2025年度(2年前期)'!$G$5)+1,0)&"" | G17: =VLOOKUP($C2,'2025年度(3年前期)'!$B$5:$N$208,COLUMN('2025年度(3年前期)'!$G$5)+1,0)&"" | I17: =VLOOKUP($C2,'2025年度(4年前期)'!$B$5:$N$208,COLUMN('2025年度(4年前期)'!$G$5)+1,0)&"" | K17: =VLOOKUP($C2,'2025年度(助産前期)'!$B$5:$N$208,COLUMN('2025年度(助産前期)'!$G$5)+1,0)&"" | M17: =VLOOKUP($C2,'2025年度(M1前期)'!$B$5:$N$208,COLUMN('2025年度(M1前期)'!$G$5)+1,0)&"" | O17: =VLOOKUP($C2,'2025年度(M2前期)'!$B$5:$N$208,COLUMN('2025年度(M2前期)'!$G$5)+1,0)&"" | Q17: =VLOOKUP($C2,'2025年度(D1前期)'!$B$5:$N$208,COLUMN('2025年度(D1前期)'!$G$5)+1,0)&"" | S17: =VLOOKUP($C2,'2025年度(D23前期)'!$B$5:$N$208,COLUMN('2025年度(D23前期)'!$G$5)+1,0)&""
B18: 備 考
A19: ４時限（15：10～16：40） | B19: 科目名 | C19: =VLOOKUP($C2,'2025年度(1年前期)'!$B$5:$N$208,COLUMN('2025年度(1年前期)'!$I$5),0)&"" | E19: =VLOOKUP($C2,'2025年度(2年前期)'!$B$5:$N$208,COLUMN('2025年度(2年前期)'!$I$5),0)&"" | G19: =VLOOKUP($C2,'2025年度(3年前期)'!$B$5:$N$208,COLUMN('2025年度(3年前期)'!$I$5),0)&"" | I19: =VLOOKUP($C2,'2025年度(4年前期)'!$B$5:$N$208,COLUMN('2025年度(4年前期)'!$I$5),0)&"" | K19: =VLOOKUP($C2,'2025年度(助産前期)'!$B$5:$N$208,COLUMN('2025年度(助産前期)'!$I$5),0)&"" | M19: =VLOOKUP($C2,'2025年度(M1前期)'!$B$5:$N$208,COLUMN('2025年度(M1前期)'!$I$5),0)&"" | O19: =VLOOKUP($C2,'2025年度(M2前期)'!$B$5:$N$208,COLUMN('2025年度(M2前期)'!$I$5),0)&"" | Q19: =VLOOKUP($C2,'2025年度(D1前期)'!$B$5:$N$208,COLUMN('2025年度(D1前期)'!$I$5),0)&"" | S19: =VLOOKUP($C2,'2025年度(D23前期)'!$B$5:$N$208,COLUMN('2025年度(D23前期)'!$I$5),0)&"" | Z19: =A19 -> ４時限（15：10～16：40） | AK19: NCGM面接練習
B20: 教 官 | C20: =IFERROR(VLOOKUP(C19,科目・教員!$A$1:$B$357,2,0),"") | E20: =IFERROR(VLOOKUP(E19,科目・教員!$A$1:$B$357,2,0),"") | G20: =IFERROR(VLOOKUP(G19,科目・教員!$A$1:$B$357,2,0),"") | I20: =IFERROR(VLOOKUP(I19,科目・教員!$A$1:$B$357,2,0),"") | K20: =IFERROR(VLOOKUP(K19,科目・教員!$A$1:$B$357,2,0),"") | M20: =IFERROR(VLOOKUP(M19,科目・教員!$A$1:$B$357,2,0),"") | O20: =IFERROR(VLOOKUP(O19,科目・教員!$A$1:$B$357,2,0),"") | Q20: =IFERROR(VLOOKUP(Q19,科目・教員!$A$1:$B$357,2,0),"") | S20: =IFERROR(VLOOKUP(S19,科目・教員!$A$1:$B$357,2,0),"")
B21: 使用教室 | C21: =VLOOKUP($C2,'2025年度(1年前期)'!$B$5:$N$208,COLUMN('2025年度(1年前期)'!$I$5)+1,0)&"" | E21: =VLOOKUP($C2,'2025年度(2年前期)'!$B$5:$N$208,COLUMN('2025年度(2年前期)'!$I$5)+1,0)&"" | G21: =VLOOKUP($C2,'2025年度(3年前期)'!$B$5:$N$208,COLUMN('2025年度(3年前期)'!$I$5)+1,0)&"" | I21: =VLOOKUP($C2,'2025年度(4年前期)'!$B$5:$N$208,COLUMN('2025年度(4年前期)'!$I$5)+1,0)&"" | K21: =VLOOKUP($C2,'2025年度(助産前期)'!$B$5:$N$208,COLUMN('2025年度(助産前期)'!$I$5)+1,0)&"" | M21: =VLOOKUP($C2,'2025年度(M1前期)'!$B$5:$N$208,COLUMN('2025年度(M1前期)'!$I$5)+1,0)&"" | O21: =VLOOKUP($C2,'2025年度(M2前期)'!$B$5:$N$208,COLUMN('2025年度(M2前期)'!$I$5)+1,0)&"" | Q21: =VLOOKUP($C2,'2025年度(D1前期)'!$B$5:$N$208,COLUMN('2025年度(D1前期)'!$I$5)+1,0)&"" | S21: =VLOOKUP($C2,'2025年度(D23前期)'!$B$5:$N$208,COLUMN('2025年度(D23前期)'!$I$5)+1,0)&""
B22: 備 考
A23: ５時限（16：50～18：20） | B23: 科目名 | C23: =VLOOKUP($C2,'2025年度(1年前期)'!$B$5:$N$208,COLUMN('2025年度(1年前期)'!$K$5),0)&"" | E23: =VLOOKUP($C2,'2025年度(2年前期)'!$B$5:$N$208,COLUMN('2025年度(2年前期)'!$K$5),0)&"" | G23: =VLOOKUP($C2,'2025年度(3年前期)'!$B$5:$N$208,COLUMN('2025年度(3年前期)'!$K$5),0)&"" | I23: =VLOOKUP($C2,'2025年度(4年前期)'!$B$5:$N$208,COLUMN('2025年度(4年前期)'!$K$5),0)&"" | K23: =VLOOKUP($C2,'2025年度(助産前期)'!$B$5:$N$208,COLUMN('2025年度(助産前期)'!$K$5),0)&"" | M23: =VLOOKUP($C2,'2025年度(M1前期)'!$B$5:$N$208,COLUMN('2025年度(M1前期)'!$K$5),0)&"" | O23: =VLOOKUP($C2,'2025年度(M2前期)'!$B$5:$N$208,COLUMN('2025年度(M2前期)'!$K$5),0)&"" | Q23: =VLOOKUP($C2,'2025年度(D1前期)'!$B$5:$N$208,COLUMN('2025年度(D1前期)'!$K$5),0)&"" | S23: =VLOOKUP($C2,'2025年度(D23前期)'!$B$5:$N$208,COLUMN('2025年度(D23前期)'!$K$5),0)&"" | Z23: =A23 -> ５時限（16：50～18：20）
B24: 教 官 | C24: =IFERROR(VLOOKUP(C23,科目・教員!$A$1:$B$357,2,0),"") | E24: =IFERROR(VLOOKUP(E23,科目・教員!$A$1:$B$357,2,0),"") | G24: =IFERROR(VLOOKUP(G23,科目・教員!$A$1:$B$357,2,0),"") | I24: =IFERROR(VLOOKUP(I23,科目・教員!$A$1:$B$357,2,0),"") | K24: =IFERROR(VLOOKUP(K23,科目・教員!$A$1:$B$357,2,0),"") | M24: =IFERROR(VLOOKUP(M23,科目・教員!$A$1:$B$357,2,0),"") | O24: =IFERROR(VLOOKUP(O23,科目・教員!$A$1:$B$357,2,0),"") | Q24: =IFERROR(VLOOKUP(Q23,科目・教員!$A$1:$B$357,2,0),"") | S24: =IFERROR(VLOOKUP(S23,科目・教員!$A$1:$B$357,2,0),"")
B25: 使用教室 | C25: =VLOOKUP($C2,'2025年度(1年前期)'!$B$5:$N$208,COLUMN('2025年度(1年前期)'!$K$5)+1,0)&"" | E25: =VLOOKUP($C2,'2025年度(2年前期)'!$B$5:$N$208,COLUMN('2025年度(2年前期)'!$K$5)+1,0)&"" | G25: =VLOOKUP($C2,'2025年度(3年前期)'!$B$5:$N$208,COLUMN('2025年度(3年前期)'!$K$5)+1,0)&"" | I25: =VLOOKUP($C2,'2025年度(4年前期)'!$B$5:$N$208,COLUMN('2025年度(4年前期)'!$K$5)+1,0)&"" | K25: =VLOOKUP($C2,'2025年度(助産前期)'!$B$5:$N$208,COLUMN('2025年度(助産前期)'!$K$5)+1,0)&"" | M25: =VLOOKUP($C2,'2025年度(M1前期)'!$B$5:$N$208,COLUMN('2025年度(M1前期)'!$K$5)+1,0)&"" | O25: =VLOOKUP($C2,'2025年度(M2前期)'!$B$5:$N$208,COLUMN('2025年度(M2前期)'!$K$5)+1,0)&"" | Q25: =VLOOKUP($C2,'2025年度(D1前期)'!$B$5:$N$208,COLUMN('2025年度(D1前期)'!$K$5)+1,0)&"" | S25: =VLOOKUP($C2,'2025年度(D23前期)'!$B$5:$N$208,COLUMN('2025年度(D23前期)'!$K$5)+1,0)&""
B26: 備 考
C27: =C2+1 -> 45749 | U27: =C27 -> 45749 | AA27: 101 | AB27: 102 | AC27: 103 | AD27: 在宅実習室 | AE27: 成人実習室 | AF27: 講堂 | AG27: 201 | AH27: 202 | AI27: 203 | AJ27: 204 | AK27: 205 | AL27: 基礎実習室 | AM27: 母性・小児実習室 | AN27: 演習21 | AO27: 演習22 | AP27: 演習23 | AQ27: 演習24 | AR27: 演習25 | AS27: 演習26 | AT27: 演習27 | AU27: 演習28 | AV27: 演習29 | AW27: 301 | AX27: 302 | AY27: 303 | AZ27: 304 | BA27: 臨床１ | BB27: 臨床２ | BC27: LL1 | BD27: LL2 | BE27: 実験室 | BF27: 情報処理室 | BG27: 演習31 | BH27: 演習32 | BI27: セミナー室１ | BJ27: セミナー室２ | BK27: 大講義室 | BL27: アリーナ | BM27: 研修１ | BN27: 研修３ | BO27: 研修４ | BP27: 研修５ | BQ27: 研修６ | BR27: 研修７ | BS27: 視聴覚室
A28: １時限（09：20～10：50） | B28: 科目名 | C28: =VLOOKUP($C27,'2025年度(1年前期)'!$B$5:$N$208,COLUMN('2025年度(1年前期)'!$C$5),0)&"" | E28: =VLOOKUP($C27,'2025年度(2年前期)'!$B$5:$N$208,COLUMN('2025年度(2年前期)'!$C$5),0)&"" | G28: =VLOOKUP($C27,'2025年度(3年前期)'!$B$5:$N$208,COLUMN('2025年度(3年前期)'!$C$5),0)&"" -> 必修科目教科書販売 | I28: =VLOOKUP($C27,'2025年度(4年前期)'!$B$5:$N$208,COLUMN('2025年度(4年前期)'!$C$5),0)&"" -> 必修科目教科書販売 | K28: =VLOOKUP($C27,'2025年度(助産前期)'!$B$5:$N$208,COLUMN('2025年度(助産前期)'!$C$5),0)&"" | M28: =VLOOKUP($C27,'2025年度(M1前期)'!$B$5:$N$208,COLUMN('2025年度(M1前期)'!$C$5),0)&"" | O28: =VLOOKUP($C27,'2025年度(M2前期)'!$B$5:$N$208,COLUMN('2025年度(M2前期)'!$C$5),0)&"" | Q28: =VLOOKUP($C27,'2025年度(D1前期)'!$B$5:$N$208,COLUMN('2025年度(D1前期)'!$C$5),0)&"" | S28: =VLOOKUP($C27,'2025年度(D23前期)'!$B$5:$N$208,COLUMN('2025年度(D23前期)'!$C$5),0)&"" | Z28: =A28 -> １時限（09：20～10：50）
B29: 教 官 | C29: =IFERROR(VLOOKUP(C28,科目・教員!$A$1:$B$357,2,0),"") | E29: =IFERROR(VLOOKUP(E28,科目・教員!$A$1:$B$357,2,0),"") | G29: =IFERROR(VLOOKUP(G28,科目・教員!$A$1:$B$357,2,0),"") | I29: =IFERROR(VLOOKUP(I28,科目・教員!$A$1:$B$357,2,0),"") | K29: =IFERROR(VLOOKUP(K28,科目・教員!$A$1:$B$357,2,0),"") | M29: =IFERROR(VLOOKUP(M28,科目・教員!$A$1:$B$357,2,0),"") | O29: =IFERROR(VLOOKUP(O28,科目・教員!$A$1:$B$357,2,0),"") | Q29: =IFERROR(VLOOKUP(Q28,科目・教員!$A$1:$B$357,2,0),"") | S29: =IFERROR(VLOOKUP(S28,科目・教員!$A$1:$B$357,2,0),"")
B30: 使用教室 | C30: =VLOOKUP($C27,'2025年度(1年前期)'!$B$5:$N$208,COLUMN('2025年度(1年前期)'!$C$5)+1,0)&"" | E30: =VLOOKUP($C27,'2025年度(2年前期)'!$B$5:$N$208,COLUMN('2025年度(2年前期)'!$C$5)+1,0)&"" | G30: =VLOOKUP($C27,'2025年度(3年前期)'!$B$5:$N$208,COLUMN('2025年度(3年前期)'!$C$5)+1,0)&"" -> 講堂前ロビー | I30: =VLOOKUP($C27,'2025年度(4年前期)'!$B$5:$N$208,COLUMN('2025年度(4年前期)'!$C$5)+1,0)&"" -> 講堂前ロビー | K30: =VLOOKUP($C27,'2025年度(助産前期)'!$B$5:$N$208,COLUMN('2025年度(助産前期)'!$C$5)+1,0)&"" | M30: =VLOOKUP($C27,'2025年度(M1前期)'!$B$5:$N$208,COLUMN('2025年度(M1前期)'!C$5)+1,0)&"" | O30: =VLOOKUP($C27,'2025年度(M2前期)'!$B$5:$N$208,COLUMN('2025年度(M2前期)'!$C$5)+1,0)&"" | Q30: =VLOOKUP($C27,'2025年度(D1前期)'!$B$5:$N$208,COLUMN('2025年度(D1前期)'!$C$5)+1,0)&"" | S30: =VLOOKUP($C27,'2025年度(D23前期)'!$B$5:$N$208,COLUMN('2025年度(D23前期)'!$C$5)+1,0)&""
B31: 備 考
A32: ２時限（11：00～12：30） | B32: 科目名 | C32: =VLOOKUP($C27,'2025年度(1年前期)'!$B$5:$N$208,COLUMN('2025年度(1年前期)'!$E$5),0)&"" | E32: =VLOOKUP($C27,'2025年度(2年前期)'!$B$5:$N$208,COLUMN('2025年度(2年前期)'!$E$5),0)&"" -> 履修/学生生活/キャリアガイダンス | G32: =VLOOKUP($C27,'2025年度(3年前期)'!$B$5:$N$208,COLUMN('2025年度(3年前期)'!$E$5),0)&"" -> 履修/学生生活/キャリアガイダンス | I32: =VLOOKUP($C27,'2025年度(4年前期)'!$B$5:$N$208,COLUMN('2025年度(4年前期)'!$E$5),0)&"" -> 履修/学生生活/キャリアガイダンス | K32: =VLOOKUP($C27,'2025年度(助産前期)'!$B$5:$N$208,COLUMN('2025年度(助産前期)'!$E$5),0)&"" | M32: =VLOOKUP($C27,'2025年度(M1前期)'!$B$5:$N$208,COLUMN('2025年度(M1前期)'!$E$5),0)&"" | O32: =VLOOKUP($C27,'2025年度(M2前期)'!$B$5:$N$208,COLUMN('2025年度(M2前期)'!$E$5),0)&"" | Q32: =VLOOKUP($C27,'2025年度(D1前期)'!$B$5:$N$208,COLUMN('2025年度(D1前期)'!$E$5),0)&"" | S32: =VLOOKUP($C27,'2025年度(D23前期)'!$B$5:$N$208,COLUMN('2025年度(D23前期)'!$E$5),0)&"" | Z32: =A32 -> ２時限（11：00～12：30） | AG32: 2年生ガイダンス | AW32: 3年生ガイダンス | BK32: 4年生ガイダンス
B33: 教 官 | C33: =IFERROR(VLOOKUP(C32,科目・教員!$A$1:$B$357,2,0),"") | E33: =IFERROR(VLOOKUP(E32,科目・教員!$A$1:$B$357,2,0),"") | G33: =IFERROR(VLOOKUP(G32,科目・教員!$A$1:$B$357,2,0),"") | I33: =IFERROR(VLOOKUP(I32,科目・教員!$A$1:$B$357,2,0),"") | K33: =IFERROR(VLOOKUP(K32,科目・教員!$A$1:$B$357,2,0),"") | M33: =IFERROR(VLOOKUP(M32,科目・教員!$A$1:$B$357,2,0),"") | O33: =IFERROR(VLOOKUP(O32,科目・教員!$A$1:$B$357,2,0),"") | Q33: =IFERROR(VLOOKUP(Q32,科目・教員!$A$1:$B$357,2,0),"") | S33: =IFERROR(VLOOKUP(S32,科目・教員!$A$1:$B$357,2,0),"")
B34: 使用教室 | C34: =VLOOKUP($C27,'2025年度(1年前期)'!$B$5:$N$208,COLUMN('2025年度(1年前期)'!$E$5)+1,0)&"" | E34: =VLOOKUP($C27,'2025年度(2年前期)'!$B$5:$N$208,COLUMN('2025年度(2年前期)'!$E$5)+1,0)&"" -> 201 | G34: =VLOOKUP($C27,'2025年度(3年前期)'!$B$5:$N$208,COLUMN('2025年度(3年前期)'!$E$5)+1,0)&"" -> 301 | I34: =VLOOKUP($C27,'2025年度(4年前期)'!$B$5:$N$208,COLUMN('2025年度(4年前期)'!$E$5)+1,0)&"" -> 大講義室 | K34: =VLOOKUP($C27,'2025年度(助産前期)'!$B$5:$N$208,COLUMN('2025年度(助産前期)'!$E$5)+1,0)&"" | M34: =VLOOKUP($C27,'2025年度(M1前期)'!$B$5:$N$208,COLUMN('2025年度(M1前期)'!$E$5)+1,0)&"" | O34: =VLOOKUP($C27,'2025年度(M2前期)'!$B$5:$N$208,COLUMN('2025年度(M2前期)'!$E$5)+1,0)&"" | Q34: =VLOOKUP($C27,'2025年度(D1前期)'!$B$5:$N$208,COLUMN('2025年度(D1前期)'!$E$5)+1,0)&"" | S34: =VLOOKUP($C27,'2025年度(D23前期)'!$B$5:$N$208,COLUMN('2025年度(D23前期)'!$E$5)+1,0)&""
B35: 備 考
A36: 昼休み（12：30～13：30） | B36: 活動名 | Z36: =A36 -> 昼休み（12：30～13：30）
B37: 責任者
B38: 使用教室
B39: 備 考
A40: ３時限（13：30～15：00） | B40: 科目名 | C40: =VLOOKUP($C27,'2025年度(1年前期)'!$B$5:$N$208,COLUMN('2025年度(1年前期)'!$G$5),0)&"" | E40: =VLOOKUP($C27,'2025年度(2年前期)'!$B$5:$N$208,COLUMN('2025年度(2年前期)'!$G$5),0)&"" -> 必修科目教科書販売 | G40: =VLOOKUP($C27,'2025年度(3年前期)'!$B$5:$N$208,COLUMN('2025年度(3年前期)'!$G$5),0)&"" | I40: =VLOOKUP($C27,'2025年度(4年前期)'!$B$5:$N$208,COLUMN('2025年度(4年前期)'!$G$5),0)&"" | K40: =VLOOKUP($C27,'2025年度(助産前期)'!$B$5:$N$208,COLUMN('2025年度(助産前期)'!$G$5),0)&"" -> 助産学概論 | M40: =VLOOKUP($C27,'2025年度(M1前期)'!$B$5:$N$208,COLUMN('2025年度(M1前期)'!$G$5),0)&"" | O40: =VLOOKUP($C27,'2025年度(M2前期)'!$B$5:$N$208,COLUMN('2025年度(M2前期)'!$G$5),0)&"" | Q40: =VLOOKUP($C27,'2025年度(D1前期)'!$B$5:$N$208,COLUMN('2025年度(D1前期)'!$G$5),0)&"" | S40: =VLOOKUP($C27,'2025年度(D23前期)'!$B$5:$N$208,COLUMN('2025年度(D23前期)'!$G$5),0)&"" | U40: 講堂 | Z40: =A40 -> ３時限（13：30～15：00） | AF40: 入学式 伴奏練習 | AZ40: 助産学概論
B41: 教 官 | C41: =IFERROR(VLOOKUP(C40,科目・教員!$A$1:$B$357,2,0),"") | E41: =IFERROR(VLOOKUP(E40,科目・教員!$A$1:$B$357,2,0),"") | G41: =IFERROR(VLOOKUP(G40,科目・教員!$A$1:$B$357,2,0),"") | I41: =IFERROR(VLOOKUP(I40,科目・教員!$A$1:$B$357,2,0),"") | K41: =IFERROR(VLOOKUP(K40,科目・教員!$A$1:$B$357,2,0),"") -> 池田 真弓 | M41: =IFERROR(VLOOKUP(M40,科目・教員!$A$1:$B$357,2,0),"") | O41: =IFERROR(VLOOKUP(O40,科目・教員!$A$1:$B$357,2,0),"") | Q41: =IFERROR(VLOOKUP(Q40,科目・教員!$A$1:$B$357,2,0),"") | S41: =IFERROR(VLOOKUP(S40,科目・教員!$A$1:$B$357,2,0),"") | U41: 伴奏練習
B42: 使用教室 | C42: =VLOOKUP($C27,'2025年度(1年前期)'!$B$5:$N$208,COLUMN('2025年度(1年前期)'!$G$5)+1,0)&"" | E42: =VLOOKUP($C27,'2025年度(2年前期)'!$B$5:$N$208,COLUMN('2025年度(2年前期)'!$G$5)+1,0)&"" -> 講堂前 ロビー | G42: =VLOOKUP($C27,'2025年度(3年前期)'!$B$5:$N$208,COLUMN('2025年度(3年前期)'!$G$5)+1,0)&"" | I42: =VLOOKUP($C27,'2025年度(4年前期)'!$B$5:$N$208,COLUMN('2025年度(4年前期)'!$G$5)+1,0)&"" | K42: =VLOOKUP($C27,'2025年度(助産前期)'!$B$5:$N$208,COLUMN('2025年度(助産前期)'!$G$5)+1,0)&"" -> 304 | M42: =VLOOKUP($C27,'2025年度(M1前期)'!$B$5:$N$208,COLUMN('2025年度(M1前期)'!$G$5)+1,0)&"" | O42: =VLOOKUP($C27,'2025年度(M2前期)'!$B$5:$N$208,COLUMN('2025年度(M2前期)'!$G$5)+1,0)&"" | Q42: =VLOOKUP($C27,'2025年度(D1前期)'!$B$5:$N$208,COLUMN('2025年度(D1前期)'!$G$5)+1,0)&"" | S42: =VLOOKUP($C27,'2025年度(D23前期)'!$B$5:$N$208,COLUMN('2025年度(D23前期)'!$G$5)+1,0)&"" | U42: 13：30～
B43: 備 考
A44: ４時限（15：10～16：40） | B44: 科目名 | C44: =VLOOKUP($C27,'2025年度(1年前期)'!$B$5:$N$208,COLUMN('2025年度(1年前期)'!$I$5),0)&"" | E44: =VLOOKUP($C27,'2025年度(2年前期)'!$B$5:$N$208,COLUMN('2025年度(2年前期)'!$I$5),0)&"" | G44: =VLOOKUP($C27,'2025年度(3年前期)'!$B$5:$N$208,COLUMN('2025年度(3年前期)'!$I$5),0)&"" | I44: =VLOOKUP($C27,'2025年度(4年前期)'!$B$5:$N$208,COLUMN('2025年度(4年前期)'!$I$5),0)&"" -> 国際看護学実習Ⅱオリ① | K44: =VLOOKUP($C27,'2025年度(助産前期)'!$B$5:$N$208,COLUMN('2025年度(助産前期)'!$I$5),0)&"" | M44: =VLOOKUP($C27,'2025年度(M1前期)'!$B$5:$N$208,COLUMN('2025年度(M1前期)'!$I$5),0)&"" | O44: =VLOOKUP($C27,'2025年度(M2前期)'!$B$5:$N$208,COLUMN('2025年度(M2前期)'!$I$5),0)&"" | Q44: =VLOOKUP($C27,'2025年度(D1前期)'!$B$5:$N$208,COLUMN('2025年度(D1前期)'!$I$5),0)&"" | S44: =VLOOKUP($C27,'2025年度(D23前期)'!$B$5:$N$208,COLUMN('2025年度(D23前期)'!$I$5),0)&"" | Z44: =A44 -> ４時限（15：10～16：40） | AW44: 国際看護学実習Ⅱオリ
B45: 教 官 | C45: =IFERROR(VLOOKUP(C44,科目・教員!$A$1:$B$357,2,0),"") | E45: =IFERROR(VLOOKUP(E44,科目・教員!$A$1:$B$357,2,0),"") | G45: =IFERROR(VLOOKUP(G44,科目・教員!$A$1:$B$357,2,0),"") | I45: =IFERROR(VLOOKUP(I44,科目・教員!$A$1:$B$357,2,0),"") | K45: =IFERROR(VLOOKUP(K44,科目・教員!$A$1:$B$357,2,0),"") | M45: =IFERROR(VLOOKUP(M44,科目・教員!$A$1:$B$357,2,0),"") | O45: =IFERROR(VLOOKUP(O44,科目・教員!$A$1:$B$357,2,0),"") | Q45: =IFERROR(VLOOKUP(Q44,科目・教員!$A$1:$B$357,2,0),"") | S45: =IFERROR(VLOOKUP(S44,科目・教員!$A$1:$B$357,2,0),"")
B46: 使用教室 | C46: =VLOOKUP($C27,'2025年度(1年前期)'!$B$5:$N$208,COLUMN('2025年度(1年前期)'!$I$5)+1,0)&"" | E46: =VLOOKUP($C27,'2025年度(2年前期)'!$B$5:$N$208,COLUMN('2025年度(2年前期)'!$I$5)+1,0)&"" | G46: =VLOOKUP($C27,'2025年度(3年前期)'!$B$5:$N$208,COLUMN('2025年度(3年前期)'!$I$5)+1,0)&"" | I46: =VLOOKUP($C27,'2025年度(4年前期)'!$B$5:$N$208,COLUMN('2025年度(4年前期)'!$I$5)+1,0)&"" -> 301 | K46: =VLOOKUP($C27,'2025年度(助産前期)'!$B$5:$N$208,COLUMN('2025年度(助産前期)'!$I$5)+1,0)&"" | M46: =VLOOKUP($C27,'2025年度(M1前期)'!$B$5:$N$208,COLUMN('2025年度(M1前期)'!$I$5)+1,0)&"" | O46: =VLOOKUP($C27,'2025年度(M2前期)'!$B$5:$N$208,COLUMN('2025年度(M2前期)'!$I$5)+1,0)&"" | Q46: =VLOOKUP($C27,'2025年度(D1前期)'!$B$5:$N$208,COLUMN('2025年度(D1前期)'!$I$5)+1,0)&"" | S46: =VLOOKUP($C27,'2025年度(D23前期)'!$B$5:$N$208,COLUMN('2025年度(D23前期)'!$I$5)+1,0)&""
B47: 備 考
A48: ５時限（16：50～18：20） | B48: 科目名 | C48: =VLOOKUP($C27,'2025年度(1年前期)'!$B$5:$N$208,COLUMN('2025年度(1年前期)'!$K$5),0)&"" | E48: =VLOOKUP($C27,'2025年度(2年前期)'!$B$5:$N$208,COLUMN('2025年度(2年前期)'!$K$5),0)&"" | G48: =VLOOKUP($C27,'2025年度(3年前期)'!$B$5:$N$208,COLUMN('2025年度(3年前期)'!$K$5),0)&"" | I48: =VLOOKUP($C27,'2025年度(4年前期)'!$B$5:$N$208,COLUMN('2025年度(4年前期)'!$K$5),0)&"" | K48: =VLOOKUP($C27,'2025年度(助産前期)'!$B$5:$N$208,COLUMN('2025年度(助産前期)'!$K$5),0)&"" | M48: =VLOOKUP($C27,'2025年度(M1前期)'!$B$5:$N$208,COLUMN('2025年度(M1前期)'!$K$5),0)&"" | O48: =VLOOKUP($C27,'2025年度(M2前期)'!$B$5:$N$208,COLUMN('2025年度(M2前期)'!$K$5),0)&"" | Q48: =VLOOKUP($C27,'2025年度(D1前期)'!$B$5:$N$208,COLUMN('2025年度(D1前期)'!$K$5),0)&"" | S48: =VLOOKUP($C27,'2025年度(D23前期)'!$B$5:$N$208,COLUMN('2025年度(D23前期)'!$K$5),0)&"" | U48: 5限 | Z48: =A48 -> ５時限（16：50～18：20） | BI48: M2今野
B49: 教 官 | C49: =IFERROR(VLOOKUP(C48,科目・教員!$A$1:$B$357,2,0),"") | E49: =IFERROR(VLOOKUP(E48,科目・教員!$A$1:$B$357,2,0),"") | G49: =IFERROR(VLOOKUP(G48,科目・教員!$A$1:$B$357,2,0),"") | I49: =IFERROR(VLOOKUP(I48,科目・教員!$A$1:$B$357,2,0),"") | K49: =IFERROR(VLOOKUP(K48,科目・教員!$A$1:$B$357,2,0),"") | M49: =IFERROR(VLOOKUP(M48,科目・教員!$A$1:$B$357,2,0),"") | O49: =IFERROR(VLOOKUP(O48,科目・教員!$A$1:$B$357,2,0),"") | Q49: =IFERROR(VLOOKUP(Q48,科目・教員!$A$1:$B$357,2,0),"") | S49: =IFERROR(VLOOKUP(S48,科目・教員!$A$1:$B$357,2,0),"") | U49: ゼミ
B50: 使用教室 | C50: =VLOOKUP($C27,'2025年度(1年前期)'!$B$5:$N$208,COLUMN('2025年度(1年前期)'!$K$5)+1,0)&"" | E50: =VLOOKUP($C27,'2025年度(2年前期)'!$B$5:$N$208,COLUMN('2025年度(2年前期)'!$K$5)+1,0)&"" | G50: =VLOOKUP($C27,'2025年度(3年前期)'!$B$5:$N$208,COLUMN('2025年度(3年前期)'!$K$5)+1,0)&"" | I50: =VLOOKUP($C27,'2025年度(4年前期)'!$B$5:$N$208,COLUMN('2025年度(4年前期)'!$K$5)+1,0)&"" | K50: =VLOOKUP($C27,'2025年度(助産前期)'!$B$5:$N$208,COLUMN('2025年度(助産前期)'!$K$5)+1,0)&"" | M50: =VLOOKUP($C27,'2025年度(M1前期)'!$B$5:$N$208,COLUMN('2025年度(M1前期)'!$K$5)+1,0)&"" | O50: =VLOOKUP($C27,'2025年度(M2前期)'!$B$5:$N$208,COLUMN('2025年度(M2前期)'!$K$5)+1,0)&"" | Q50: =VLOOKUP($C27,'2025年度(D1前期)'!$B$5:$N$208,COLUMN('2025年度(D1前期)'!$K$5)+1,0)&"" | S50: =VLOOKUP($C27,'2025年度(D23前期)'!$B$5:$N$208,COLUMN('2025年度(D23前期)'!$K$5)+1,0)&"" | U50: M2今野
B51: 備 考 | U51: セミナールーム1
C52: =C27+1 -> 45750 | U52: =C52 -> 45750 | AA52: 101 | AB52: 102 | AC52: 103 | AD52: 在宅実習室 | AE52: 成人実習室 | AF52: 講堂 | AG52: 201 | AH52: 202 | AI52: 203 | AJ52: 204 | AK52: 205 | AL52: 基礎実習室 | AM52: 母性・小児実習室 | AN52: 演習21 | AO52: 演習22 | AP52: 演習23 | AQ52: 演習24 | AR52: 演習25 | AS52: 演習26 | AT52: 演習27 | AU52: 演習28 | AV52: 演習29 | AW52: 301 | AX52: 302 | AY52: 303 | AZ52: 304 | BA52: 臨床１ | BB52: 臨床２ | BC52: LL1 | BD52: LL2 | BE52: 実験室 | BF52: 情報処理室 | BG52: 演習31 | BH52: 演習32 | BI52: セミナー室１ | BJ52: セミナー室２ | BK52: 大講義室 | BL52: アリーナ | BM52: 研修１ | BN52: 研修３ | BO52: 研修４ | BP52: 研修５ | BQ52: 研修６ | BR52: 研修７ | BS52: 視聴覚室
A53: １時限（09：20～10：50） | B53: 科目名 | C53: =VLOOKUP($C52,'2025年度(1年前期)'!$B$5:$N$208,COLUMN('2025年度(1年前期)'!$C$5),0)&"" -> 教員挨拶・履修ガイダンス(受験票回収･書類提出) | E53: =VLOOKUP($C52,'2025年度(2年前期)'!$B$5:$N$208,COLUMN('2025年度(2年前期)'!$C$5),0)&"" | G53: =VLOOKUP($C52,'2025年度(3年前期)'!$B$5:$N$208,COLUMN('2025年度(3年前期)'!$C$5),0)&"" -> 老年看護援助論 | I53: =VLOOKUP($C52,'2025年度(4年前期)'!$B$5:$N$208,COLUMN('2025年度(4年前期)'!$C$5),0)&"" -> 高度先駆的医療看護Ⅰ(がん看護) | K53: =VLOOKUP($C52,'2025年度(助産前期)'!$B$5:$N$208,COLUMN('2025年度(助産前期)'!$C$5),0)&"" | M53: =VLOOKUP($C52,'2025年度(M1前期)'!$B$5:$N$208,COLUMN('2025年度(M1前期)'!$C$5),0)&"" | O53: =VLOOKUP($C52,'2025年度(M2前期)'!$B$5:$N$208,COLUMN('2025年度(M2前期)'!$C$5),0)&"" | Q53: =VLOOKUP($C52,'2025年度(D1前期)'!$B$5:$N$208,COLUMN('2025年度(D1前期)'!$C$5),0)&"" | S53: =VLOOKUP($C52,'2025年度(D23前期)'!$B$5:$N$208,COLUMN('2025年度(D23前期)'!$C$5),0)&"" | U53: 1～2限 | Z53: =A53 -> １時限（09：20～10：50） | AA53: 1年生ガイダンス(教員挨拶etc) | AW53: 老年看護援助論 | BI53: 看護情報・管理学 | BK53: 高度先駆的医療看護Ⅰ(がん看護)
B54: 教 官 | C54: =IFERROR(VLOOKUP(C53,科目・教員!$A$1:$B$357,2,0),"") | E54: =IFERROR(VLOOKUP(E53,科目・教員!$A$1:$B$357,2,0),"") | G54: =IFERROR(VLOOKUP(G53,科目・教員!$A$1:$B$357,2,0),"") -> 野中 千春 | I54: =IFERROR(VLOOKUP(I53,科目・教員!$A$1:$B$357,2,0),"") -> 飯野 京子 | K54: =IFERROR(VLOOKUP(K53,科目・教員!$A$1:$B$357,2,0),"") | M54: =IFERROR(VLOOKUP(M53,科目・教員!$A$1:$B$357,2,0),"") | O54: =IFERROR(VLOOKUP(O53,科目・教員!$A$1:$B$357,2,0),"") | Q54: =IFERROR(VLOOKUP(Q53,科目・教員!$A$1:$B$357,2,0),"") | S54: =IFERROR(VLOOKUP(S53,科目・教員!$A$1:$B$357,2,0),"") | U54: 看護情報･管理学
B55: 使用教室 | C55: =VLOOKUP($C52,'2025年度(1年前期)'!$B$5:$N$208,COLUMN('2025年度(1年前期)'!$C$5)+1,0)&"" -> 101 | E55: =VLOOKUP($C52,'2025年度(2年前期)'!$B$5:$N$208,COLUMN('2025年度(2年前期)'!$C$5)+1,0)&"" | G55: =VLOOKUP($C52,'2025年度(3年前期)'!$B$5:$N$208,COLUMN('2025年度(3年前期)'!$C$5)+1,0)&"" -> 301 | I55: =VLOOKUP($C52,'2025年度(4年前期)'!$B$5:$N$208,COLUMN('2025年度(4年前期)'!$C$5)+1,0)&"" -> 大講義室 | K55: =VLOOKUP($C52,'2025年度(助産前期)'!$B$5:$N$208,COLUMN('2025年度(助産前期)'!$C$5)+1,0)&"" | M55: =VLOOKUP($C52,'2025年度(M1前期)'!$B$5:$N$208,COLUMN('2025年度(M1前期)'!C$5)+1,0)&"" | O55: =VLOOKUP($C52,'2025年度(M2前期)'!$B$5:$N$208,COLUMN('2025年度(M2前期)'!$C$5)+1,0)&"" | Q55: =VLOOKUP($C52,'2025年度(D1前期)'!$B$5:$N$208,COLUMN('2025年度(D1前期)'!$C$5)+1,0)&"" | S55: =VLOOKUP($C52,'2025年度(D23前期)'!$B$5:$N$208,COLUMN('2025年度(D23前期)'!$C$5)+1,0)&"" | U55: M2 亀山
B56: 備 考 | U56: セミナールーム1
A57: ２時限（11：00～12：30） | B57: 科目名 | C57: =VLOOKUP($C52,'2025年度(1年前期)'!$B$5:$N$208,COLUMN('2025年度(1年前期)'!$E$5),0)&"" -> 友人つくりレクリエーション | E57: =VLOOKUP($C52,'2025年度(2年前期)'!$B$5:$N$208,COLUMN('2025年度(2年前期)'!$E$5),0)&"" -> 英語Ⅳ(AB) | G57: =VLOOKUP($C52,'2025年度(3年前期)'!$B$5:$N$208,COLUMN('2025年度(3年前期)'!$E$5),0)&"" -> 実習準備オリエンテーション | I57: =VLOOKUP($C52,'2025年度(4年前期)'!$B$5:$N$208,COLUMN('2025年度(4年前期)'!$E$5),0)&"" -> 高度先駆的医療看護Ⅱ(循環器病看護) | K57: =VLOOKUP($C52,'2025年度(助産前期)'!$B$5:$N$208,COLUMN('2025年度(助産前期)'!$E$5),0)&"" | M57: =VLOOKUP($C52,'2025年度(M1前期)'!$B$5:$N$208,COLUMN('2025年度(M1前期)'!$E$5),0)&"" | O57: =VLOOKUP($C52,'2025年度(M2前期)'!$B$5:$N$208,COLUMN('2025年度(M2前期)'!$E$5),0)&"" | Q57: =VLOOKUP($C52,'2025年度(D1前期)'!$B$5:$N$208,COLUMN('2025年度(D1前期)'!$E$5),0)&"" | S57: =VLOOKUP($C52,'2025年度(D23前期)'!$B$5:$N$208,COLUMN('2025年度(D23前期)'!$E$5),0)&"" | Z57: =A57 -> ２時限（11：00～12：30） | AA57: 友人つくりレクリエーション | AG57: 英語Ⅳ(AB) | AW57: 実習準備オリエンテーション | BI57: 看護情報・管理学 | BK57: 高度先駆的医療看護Ⅱ(循環器病看護)
B58: 教 官 | C58: =IFERROR(VLOOKUP(C57,科目・教員!$A$1:$B$357,2,0),"") | E58: =IFERROR(VLOOKUP(E57,科目・教員!$A$1:$B$357,2,0),"") -> ｽﾃｨｰﾌﾞﾝ･ﾗｯｾﾙ | G58: =IFERROR(VLOOKUP(G57,科目・教員!$A$1:$B$357,2,0),"") | I58: =IFERROR(VLOOKUP(I57,科目・教員!$A$1:$B$357,2,0),"") -> 遠藤 晶子 | K58: =IFERROR(VLOOKUP(K57,科目・教員!$A$1:$B$357,2,0),"") | M58: =IFERROR(VLOOKUP(M57,科目・教員!$A$1:$B$357,2,0),"") | O58: =IFERROR(VLOOKUP(O57,科目・教員!$A$1:$B$357,2,0),"") | Q58: =IFERROR(VLOOKUP(Q57,科目・教員!$A$1:$B$357,2,0),"") | S58: =IFERROR(VLOOKUP(S57,科目・教員!$A$1:$B$357,2,0),"")
B59: 使用教室 | C59: =VLOOKUP($C52,'2025年度(1年前期)'!$B$5:$N$208,COLUMN('2025年度(1年前期)'!$E$5)+1,0)&"" -> 101 | E59: =VLOOKUP($C52,'2025年度(2年前期)'!$B$5:$N$208,COLUMN('2025年度(2年前期)'!$E$5)+1,0)&"" -> 201 | G59: =VLOOKUP($C52,'2025年度(3年前期)'!$B$5:$N$208,COLUMN('2025年度(3年前期)'!$E$5)+1,0)&"" -> 301 | I59: =VLOOKUP($C52,'2025年度(4年前期)'!$B$5:$N$208,COLUMN('2025年度(4年前期)'!$E$5)+1,0)&"" -> 大講義室 | K59: =VLOOKUP($C52,'2025年度(助産前期)'!$B$5:$N$208,COLUMN('2025年度(助産前期)'!$E$5)+1,0)&"" | M59: =VLOOKUP($C52,'2025年度(M1前期)'!$B$5:$N$208,COLUMN('2025年度(M1前期)'!$E$5)+1,0)&"" | O59: =VLOOKUP($C52,'2025年度(M2前期)'!$B$5:$N$208,COLUMN('2025年度(M2前期)'!$E$5)+1,0)&"" | Q59: =VLOOKUP($C52,'2025年度(D1前期)'!$B$5:$N$208,COLUMN('2025年度(D1前期)'!$E$5)+1,0)&"" | S59: =VLOOKUP($C52,'2025年度(D23前期)'!$B$5:$N$208,COLUMN('2025年度(D23前期)'!$E$5)+1,0)&""
B60: 備 考
A61: 昼休み（12：30～13：30） | B61: 活動名 | Z61: =A61 -> 昼休み（12：30～13：30）
B62: 責任者
B63: 使用教室
B64: 備 考
A65: ３時限（13：30～15：00） | B65: 科目名 | C65: =VLOOKUP($C52,'2025年度(1年前期)'!$B$5:$N$208,COLUMN('2025年度(1年前期)'!$G$5),0)&"" -> 学生生活･授業料免除･奨学金ガイダンス(学生保険受付) ※ナースシューズ選びレクチャー含む | E65: =VLOOKUP($C52,'2025年度(2年前期)'!$B$5:$N$208,COLUMN('2025年度(2年前期)'!$G$5),0)&"" -> 成人看護援助論Ⅰ | G65: =VLOOKUP($C52,'2025年度(3年前期)'!$B$5:$N$208,COLUMN('2025年度(3年前期)'!$G$5),0)&"" -> 精神看護援助論 | I65: =VLOOKUP($C52,'2025年度(4年前期)'!$B$5:$N$208,COLUMN('2025年度(4年前期)'!$G$5),0)&"" -> 卒業研究Ⅱ 図書館講座① | K65: =VLOOKUP($C52,'2025年度(助産前期)'!$B$5:$N$208,COLUMN('2025年度(助産前期)'!$G$5),0)&"" -> 助産診断･技術学Ⅰ | M65: =VLOOKUP($C52,'2025年度(M1前期)'!$B$5:$N$208,COLUMN('2025年度(M1前期)'!$G$5),0)&"" | O65: =VLOOKUP($C52,'2025年度(M2前期)'!$B$5:$N$208,COLUMN('2025年度(M2前期)'!$G$5),0)&"" | Q65: =VLOOKUP($C52,'2025年度(D1前期)'!$B$5:$N$208,COLUMN('2025年度(D1前期)'!$G$5),0)&"" | S65: =VLOOKUP($C52,'2025年度(D23前期)'!$B$5:$N$208,COLUMN('2025年度(D23前期)'!$G$5),0)&"" | Z65: =A65 -> ３時限（13：30～15：00） | AA65: 1年生ガイダンス(学生生活etc) | AG65: 成人看護援助論Ⅰ | AH65: 成人看護援助論Ⅰ | AI65: 成人看護援助論Ⅰ | AJ65: 成人看護援助論Ⅰ | AW65: 精神看護援助論 | AZ65: 助産診断･技術学Ⅰ | BK65: 卒業研究Ⅱ(図書館講座①)
B66: 教 官 | C66: =IFERROR(VLOOKUP(C65,科目・教員!$A$1:$B$357,2,0),"") | E66: =IFERROR(VLOOKUP(E65,科目・教員!$A$1:$B$357,2,0),"") -> 飯野 京子 | G66: =IFERROR(VLOOKUP(G65,科目・教員!$A$1:$B$357,2,0),"") -> 松浦 佳代 | I66: =IFERROR(VLOOKUP(I65,科目・教員!$A$1:$B$357,2,0),"") | K66: =IFERROR(VLOOKUP(K65,科目・教員!$A$1:$B$357,2,0),"") -> 池田 真弓 | M66: =IFERROR(VLOOKUP(M65,科目・教員!$A$1:$B$357,2,0),"") | O66: =IFERROR(VLOOKUP(O65,科目・教員!$A$1:$B$357,2,0),"") | Q66: =IFERROR(VLOOKUP(Q65,科目・教員!$A$1:$B$357,2,0),"") | S66: =IFERROR(VLOOKUP(S65,科目・教員!$A$1:$B$357,2,0),"")
B67: 使用教室 | C67: =VLOOKUP($C52,'2025年度(1年前期)'!$B$5:$N$208,COLUMN('2025年度(1年前期)'!$G$5)+1,0)&"" -> 101 | E67: =VLOOKUP($C52,'2025年度(2年前期)'!$B$5:$N$208,COLUMN('2025年度(2年前期)'!$G$5)+1,0)&"" -> 201･202･203･204 | G67: =VLOOKUP($C52,'2025年度(3年前期)'!$B$5:$N$208,COLUMN('2025年度(3年前期)'!$G$5)+1,0)&"" -> 301 | I67: =VLOOKUP($C52,'2025年度(4年前期)'!$B$5:$N$208,COLUMN('2025年度(4年前期)'!$G$5)+1,0)&"" -> 大講義室 | K67: =VLOOKUP($C52,'2025年度(助産前期)'!$B$5:$N$208,COLUMN('2025年度(助産前期)'!$G$5)+1,0)&"" -> 304 | M67: =VLOOKUP($C52,'2025年度(M1前期)'!$B$5:$N$208,COLUMN('2025年度(M1前期)'!$G$5)+1,0)&"" | O67: =VLOOKUP($C52,'2025年度(M2前期)'!$B$5:$N$208,COLUMN('2025年度(M2前期)'!$G$5)+1,0)&"" | Q67: =VLOOKUP($C52,'2025年度(D1前期)'!$B$5:$N$208,COLUMN('2025年度(D1前期)'!$G$5)+1,0)&"" | S67: =VLOOKUP($C52,'2025年度(D23前期)'!$B$5:$N$208,COLUMN('2025年度(D23前期)'!$G$5)+1,0)&""
B68: 備 考
A69: ４時限（15：10～16：40） | B69: 科目名 | C69: =VLOOKUP($C52,'2025年度(1年前期)'!$B$5:$N$208,COLUMN('2025年度(1年前期)'!$I$5),0)&"" | E69: =VLOOKUP($C52,'2025年度(2年前期)'!$B$5:$N$208,COLUMN('2025年度(2年前期)'!$I$5),0)&"" -> 成人看護援助論Ⅰ | G69: =VLOOKUP($C52,'2025年度(3年前期)'!$B$5:$N$208,COLUMN('2025年度(3年前期)'!$I$5),0)&"" -> 精神看護援助論 | I69: =VLOOKUP($C52,'2025年度(4年前期)'!$B$5:$N$208,COLUMN('2025年度(4年前期)'!$I$5),0)&"" | K69: =VLOOKUP($C52,'2025年度(助産前期)'!$B$5:$N$208,COLUMN('2025年度(助産前期)'!$I$5),0)&"" -> 助産診断･技術学Ⅰ | M69: =VLOOKUP($C52,'2025年度(M1前期)'!$B$5:$N$208,COLUMN('2025年度(M1前期)'!$I$5),0)&"" | O69: =VLOOKUP($C52,'2025年度(M2前期)'!$B$5:$N$208,COLUMN('2025年度(M2前期)'!$I$5),0)&"" | Q69: =VLOOKUP($C52,'2025年度(D1前期)'!$B$5:$N$208,COLUMN('2025年度(D1前期)'!$I$5),0)&"" | S69: =VLOOKUP($C52,'2025年度(D23前期)'!$B$5:$N$208,COLUMN('2025年度(D23前期)'!$I$5),0)&"" | U69: 4限 | V69: 4限 | Z69: =A69 -> ４時限（15：10～16：40） | AG69: 成人看護援助論Ⅰ | AH69: 成人看護援助論Ⅰ | AI69: 成人看護援助論Ⅰ | AJ69: 成人看護援助論Ⅰ | AK69: NCGM面接練習 | AW69: 精神看護援助論 | AX69: 成育就職面接練習 | AY69: 成育就職面接練習 | AZ69: 助産診断･技術学Ⅰ
B70: 教 官 | C70: =IFERROR(VLOOKUP(C69,科目・教員!$A$1:$B$357,2,0),"") | E70: =IFERROR(VLOOKUP(E69,科目・教員!$A$1:$B$357,2,0),"") -> 飯野 京子 | G70: =IFERROR(VLOOKUP(G69,科目・教員!$A$1:$B$357,2,0),"") -> 松浦 佳代 | I70: =IFERROR(VLOOKUP(I69,科目・教員!$A$1:$B$357,2,0),"") | K70: =IFERROR(VLOOKUP(K69,科目・教員!$A$1:$B$357,2,0),"") -> 池田 真弓 | M70: =IFERROR(VLOOKUP(M69,科目・教員!$A$1:$B$357,2,0),"") | O70: =IFERROR(VLOOKUP(O69,科目・教員!$A$1:$B$357,2,0),"") | Q70: =IFERROR(VLOOKUP(Q69,科目・教員!$A$1:$B$357,2,0),"") | S70: =IFERROR(VLOOKUP(S69,科目・教員!$A$1:$B$357,2,0),"") | U70: NCGM面接練習 | V70: 成育就職面接練習
B71: 使用教室 | C71: =VLOOKUP($C52,'2025年度(1年前期)'!$B$5:$N$208,COLUMN('2025年度(1年前期)'!$I$5)+1,0)&"" | E71: =VLOOKUP($C52,'2025年度(2年前期)'!$B$5:$N$208,COLUMN('2025年度(2年前期)'!$I$5)+1,0)&"" -> 201･202･203･204 | G71: =VLOOKUP($C52,'2025年度(3年前期)'!$B$5:$N$208,COLUMN('2025年度(3年前期)'!$I$5)+1,0)&"" -> 301 | I71: =VLOOKUP($C52,'2025年度(4年前期)'!$B$5:$N$208,COLUMN('2025年度(4年前期)'!$I$5)+1,0)&"" | K71: =VLOOKUP($C52,'2025年度(助産前期)'!$B$5:$N$208,COLUMN('2025年度(助産前期)'!$I$5)+1,0)&"" -> 304 | M71: =VLOOKUP($C52,'2025年度(M1前期)'!$B$5:$N$208,COLUMN('2025年度(M1前期)'!$I$5)+1,0)&"" | O71: =VLOOKUP($C52,'2025年度(M2前期)'!$B$5:$N$208,COLUMN('2025年度(M2前期)'!$I$5)+1,0)&"" | Q71: =VLOOKUP($C52,'2025年度(D1前期)'!$B$5:$N$208,COLUMN('2025年度(D1前期)'!$I$5)+1,0)&"" | S71: =VLOOKUP($C52,'2025年度(D23前期)'!$B$5:$N$208,COLUMN('2025年度(D23前期)'!$I$5)+1,0)&"" | U71: 205教室 | V71: 302、303教室
B72: 備 考 | U72: 髙木先生 | V72: 野村先生
A73: ５時限（16：50～18：20） | B73: 科目名 | C73: =VLOOKUP($C52,'2025年度(1年前期)'!$B$5:$N$208,COLUMN('2025年度(1年前期)'!$K$5),0)&"" | E73: =VLOOKUP($C52,'2025年度(2年前期)'!$B$5:$N$208,COLUMN('2025年度(2年前期)'!$K$5),0)&"" | G73: =VLOOKUP($C52,'2025年度(3年前期)'!$B$5:$N$208,COLUMN('2025年度(3年前期)'!$K$5),0)&"" | I73: =VLOOKUP($C52,'2025年度(4年前期)'!$B$5:$N$208,COLUMN('2025年度(4年前期)'!$K$5),0)&"" | K73: =VLOOKUP($C52,'2025年度(助産前期)'!$B$5:$N$208,COLUMN('2025年度(助産前期)'!$K$5),0)&"" | M73: =VLOOKUP($C52,'2025年度(M1前期)'!$B$5:$N$208,COLUMN('2025年度(M1前期)'!$K$5),0)&"" | O73: =VLOOKUP($C52,'2025年度(M2前期)'!$B$5:$N$208,COLUMN('2025年度(M2前期)'!$K$5),0)&"" | Q73: =VLOOKUP($C52,'2025年度(D1前期)'!$B$5:$N$208,COLUMN('2025年度(D1前期)'!$K$5),0)&"" | S73: =VLOOKUP($C52,'2025年度(D23前期)'!$B$5:$N$208,COLUMN('2025年度(D23前期)'!$K$5),0)&"" | Z73: =A73 -> ５時限（16：50～18：20）
B74: 教 官 | C74: =IFERROR(VLOOKUP(C73,科目・教員!$A$1:$B$357,2,0),"") | E74: =IFERROR(VLOOKUP(E73,科目・教員!$A$1:$B$357,2,0),"") | G74: =IFERROR(VLOOKUP(G73,科目・教員!$A$1:$B$357,2,0),"") | I74: =IFERROR(VLOOKUP(I73,科目・教員!$A$1:$B$357,2,0),"") | K74: =IFERROR(VLOOKUP(K73,科目・教員!$A$1:$B$357,2,0),"") | M74: =IFERROR(VLOOKUP(M73,科目・教員!$A$1:$B$357,2,0),"") | O74: =IFERROR(VLOOKUP(O73,科目・教員!$A$1:$B$357,2,0),"") | Q74: =IFERROR(VLOOKUP(Q73,科目・教員!$A$1:$B$357,2,0),"") | S74: =IFERROR(VLOOKUP(S73,科目・教員!$A$1:$B$357,2,0),"")
B75: 使用教室 | C75: =VLOOKUP($C52,'2025年度(1年前期)'!$B$5:$N$208,COLUMN('2025年度(1年前期)'!$K$5)+1,0)&"" | E75: =VLOOKUP($C52,'2025年度(2年前期)'!$B$5:$N$208,COLUMN('2025年度(2年前期)'!$K$5)+1,0)&"" | G75: =VLOOKUP($C52,'2025年度(3年前期)'!$B$5:$N$208,COLUMN('2025年度(3年前期)'!$K$5)+1,0)&"" | I75: =VLOOKUP($C52,'2025年度(4年前期)'!$B$5:$N$208,COLUMN('2025年度(4年前期)'!$K$5)+1,0)&"" | K75: =VLOOKUP($C52,'2025年度(助産前期)'!$B$5:$N$208,COLUMN('2025年度(助産前期)'!$K$5)+1,0)&"" | M75: =VLOOKUP($C52,'2025年度(M1前期)'!$B$5:$N$208,COLUMN('2025年度(M1前期)'!$K$5)+1,0)&"" | O75: =VLOOKUP($C52,'2025年度(M2前期)'!$B$5:$N$208,COLUMN('2025年度(M2前期)'!$K$5)+1,0)&"" | Q75: =VLOOKUP($C52,'2025年度(D1前期)'!$B$5:$N$208,COLUMN('2025年度(D1前期)'!$K$5)+1,0)&"" | S75: =VLOOKUP($C52,'2025年度(D23前期)'!$B$5:$N$208,COLUMN('2025年度(D23前期)'!$K$5)+1,0)&""
B76: 備 考
C77: =C52+1 -> 45751 | U77: =C77 -> 45751 | AA77: 101 | AB77: 102 | AC77: 103 | AD77: 在宅実習室 | AE77: 成人実習室 | AF77: 講堂 | AG77: 201 | AH77: 202 | AI77: 203 | AJ77: 204 | AK77: 205 | AL77: 基礎実習室 | AM77: 母性・小児実習室 | AN77: 演習21 | AO77: 演習22 | AP77: 演習23 | AQ77: 演習24 | AR77: 演習25 | AS77: 演習26 | AT77: 演習27 | AU77: 演習28 | AV77: 演習29 | AW77: 301 | AX77: 302 | AY77: 303 | AZ77: 304 | BA77: 臨床１ | BB77: 臨床２ | BC77: LL1 | BD77: LL2 | BE77: 実験室 | BF77: 情報処理室 | BG77: 演習31 | BH77: 演習32 | BI77: セミナー室１ | BJ77: セミナー室２ | BK77: 大講義室 | BL77: アリーナ | BM77: 研修１ | BN77: 研修３ | BO77: 研修４ | BP77: 研修５ | BQ77: 研修６ | BR77: 研修７ | BS77: 視聴覚室
A78: １時限（09：20～10：50） | B78: 科目名 | C78: =VLOOKUP($C77,'2025年度(1年前期)'!$B$5:$N$208,COLUMN('2025年度(1年前期)'!$C$5),0)&"" -> 実習着採寸･物品販売 | E78: =VLOOKUP($C77,'2025年度(2年前期)'!$B$5:$N$208,COLUMN('2025年度(2年前期)'!$C$5),0)&"" | G78: =VLOOKUP($C77,'2025年度(3年前期)'!$B$5:$N$208,COLUMN('2025年度(3年前期)'!$C$5),0)&"" -> 看護実践と研究成果の活用 | I78: =VLOOKUP($C77,'2025年度(4年前期)'!$B$5:$N$208,COLUMN('2025年度(4年前期)'!$C$5),0)&"" -> 高度先駆的医療看護Ⅲ(精神看護) | K78: =VLOOKUP($C77,'2025年度(助産前期)'!$B$5:$N$208,COLUMN('2025年度(助産前期)'!$C$5),0)&"" | M78: =VLOOKUP($C77,'2025年度(M1前期)'!$B$5:$N$208,COLUMN('2025年度(M1前期)'!$C$5),0)&"" | O78: =VLOOKUP($C77,'2025年度(M2前期)'!$B$5:$N$208,COLUMN('2025年度(M2前期)'!$C$5),0)&"" | Q78: =VLOOKUP($C77,'2025年度(D1前期)'!$B$5:$N$208,COLUMN('2025年度(D1前期)'!$C$5),0)&"" | S78: =VLOOKUP($C77,'2025年度(D23前期)'!$B$5:$N$208,COLUMN('2025年度(D23前期)'!$C$5),0)&"" | Z78: =A78 -> １時限（09：20～10：50） | AG78: 実習着採寸･物品販売 | AH78: 実習着採寸･物品販売 | AI78: 実習着採寸･物品販売 | AJ78: 実習着採寸･物品販売 | AK78: 実習着採寸･物品販売 | AL78: 実習着採寸･物品販売 | AM78: 実習着採寸･物品販売 | AW78: 看護実践と研究成果の活用 | BK78: 高度先駆的医療看護Ⅲ(精神看護)
B79: 教 官 | C79: =IFERROR(VLOOKUP(C78,科目・教員!$A$1:$B$357,2,0),"") | E79: =IFERROR(VLOOKUP(E78,科目・教員!$A$1:$B$357,2,0),"") | G79: =IFERROR(VLOOKUP(G78,科目・教員!$A$1:$B$357,2,0),"") -> 西岡 みどり | I79: =IFERROR(VLOOKUP(I78,科目・教員!$A$1:$B$357,2,0),"") -> 森 真喜子 | K79: =IFERROR(VLOOKUP(K78,科目・教員!$A$1:$B$357,2,0),"") | M79: =IFERROR(VLOOKUP(M78,科目・教員!$A$1:$B$357,2,0),"") | O79: =IFERROR(VLOOKUP(O78,科目・教員!$A$1:$B$357,2,0),"") | Q79: =IFERROR(VLOOKUP(Q78,科目・教員!$A$1:$B$357,2,0),"") | S79: =IFERROR(VLOOKUP(S78,科目・教員!$A$1:$B$357,2,0),"")
B80: 使用教室 | C80: =VLOOKUP($C77,'2025年度(1年前期)'!$B$5:$N$208,COLUMN('2025年度(1年前期)'!$C$5)+1,0)&"" -> 本館2F(201～205･基礎実･母小実) | E80: =VLOOKUP($C77,'2025年度(2年前期)'!$B$5:$N$208,COLUMN('2025年度(2年前期)'!$C$5)+1,0)&"" | G80: =VLOOKUP($C77,'2025年度(3年前期)'!$B$5:$N$208,COLUMN('2025年度(3年前期)'!$C$5)+1,0)&"" -> 301 | I80: =VLOOKUP($C77,'2025年度(4年前期)'!$B$5:$N$208,COLUMN('2025年度(4年前期)'!$C$5)+1,0)&"" -> 大講義室 | K80: =VLOOKUP($C77,'2025年度(助産前期)'!$B$5:$N$208,COLUMN('2025年度(助産前期)'!$C$5)+1,0)&"" | M80: =VLOOKUP($C77,'2025年度(M1前期)'!$B$5:$N$208,COLUMN('2025年度(M1前期)'!C$5)+1,0)&"" | O80: =VLOOKUP($C77,'2025年度(M2前期)'!$B$5:$N$208,COLUMN('2025年度(M2前期)'!$C$5)+1,0)&"" | Q80: =VLOOKUP($C77,'2025年度(D1前期)'!$B$5:$N$208,COLUMN('2025年度(D1前期)'!$C$5)+1,0)&"" | S80: =VLOOKUP($C77,'2025年度(D23前期)'!$B$5:$N$208,COLUMN('2025年度(D23前期)'!$C$5)+1,0)&""
B81: 備 考
A82: ２時限（11：00～12：30） | B82: 科目名 | C82: =VLOOKUP($C77,'2025年度(1年前期)'!$B$5:$N$208,COLUMN('2025年度(1年前期)'!$E$5),0)&"" -> 実習着採寸･物品販売 | E82: =VLOOKUP($C77,'2025年度(2年前期)'!$B$5:$N$208,COLUMN('2025年度(2年前期)'!$E$5),0)&"" -> 英語Ⅳ(CD) | G82: =VLOOKUP($C77,'2025年度(3年前期)'!$B$5:$N$208,COLUMN('2025年度(3年前期)'!$E$5),0)&"" -> 老年看護援助論 | I82: =VLOOKUP($C77,'2025年度(4年前期)'!$B$5:$N$208,COLUMN('2025年度(4年前期)'!$E$5),0)&"" -> 高度先駆的医療看護Ⅱ(循環器病看護) | K82: =VLOOKUP($C77,'2025年度(助産前期)'!$B$5:$N$208,COLUMN('2025年度(助産前期)'!$E$5),0)&"" | M82: =VLOOKUP($C77,'2025年度(M1前期)'!$B$5:$N$208,COLUMN('2025年度(M1前期)'!$E$5),0)&"" | O82: =VLOOKUP($C77,'2025年度(M2前期)'!$B$5:$N$208,COLUMN('2025年度(M2前期)'!$E$5),0)&"" | Q82: =VLOOKUP($C77,'2025年度(D1前期)'!$B$5:$N$208,COLUMN('2025年度(D1前期)'!$E$5),0)&"" | S82: =VLOOKUP($C77,'2025年度(D23前期)'!$B$5:$N$208,COLUMN('2025年度(D23前期)'!$E$5),0)&"" | Z82: =A82 -> ２時限（11：00～12：30） | AA82: 英語Ⅳ(CD) | AG82: 実習着採寸･物品販売 | AH82: 実習着採寸･物品販売 | AI82: 実習着採寸･物品販売 | AJ82: 実習着採寸･物品販売 | AK82: 実習着採寸･物品販売 | AL82: 実習着採寸･物品販売 | AM82: 実習着採寸･物品販売 | AW82: 老年看護援助論 | BK82: 高度先駆的医療看護Ⅱ(循環器病看護)
B83: 教 官 | C83: =IFERROR(VLOOKUP(C82,科目・教員!$A$1:$B$357,2,0),"") | E83: =IFERROR(VLOOKUP(E82,科目・教員!$A$1:$B$357,2,0),"") -> ｽﾃｨｰﾌﾞﾝ･ﾗｯｾﾙ | G83: =IFERROR(VLOOKUP(G82,科目・教員!$A$1:$B$357,2,0),"") -> 野中 千春 | I83: =IFERROR(VLOOKUP(I82,科目・教員!$A$1:$B$357,2,0),"") -> 遠藤 晶子 | K83: =IFERROR(VLOOKUP(K82,科目・教員!$A$1:$B$357,2,0),"") | M83: =IFERROR(VLOOKUP(M82,科目・教員!$A$1:$B$357,2,0),"") | O83: =IFERROR(VLOOKUP(O82,科目・教員!$A$1:$B$357,2,0),"") | Q83: =IFERROR(VLOOKUP(Q82,科目・教員!$A$1:$B$357,2,0),"") | S83: =IFERROR(VLOOKUP(S82,科目・教員!$A$1:$B$357,2,0),"")
B84: 使用教室 | C84: =VLOOKUP($C77,'2025年度(1年前期)'!$B$5:$N$208,COLUMN('2025年度(1年前期)'!$E$5)+1,0)&"" -> 本館2F(201～205･基礎実･母小実) | E84: =VLOOKUP($C77,'2025年度(2年前期)'!$B$5:$N$208,COLUMN('2025年度(2年前期)'!$E$5)+1,0)&"" -> 101 | G84: =VLOOKUP($C77,'2025年度(3年前期)'!$B$5:$N$208,COLUMN('2025年度(3年前期)'!$E$5)+1,0)&"" -> 301 | I84: =VLOOKUP($C77,'2025年度(4年前期)'!$B$5:$N$208,COLUMN('2025年度(4年前期)'!$E$5)+1,0)&"" -> 大講義室 | K84: =VLOOKUP($C77,'2025年度(助産前期)'!$B$5:$N$208,COLUMN('2025年度(助産前期)'!$E$5)+1,0)&"" | M84: =VLOOKUP($C77,'2025年度(M1前期)'!$B$5:$N$208,COLUMN('2025年度(M1前期)'!$E$5)+1,0)&"" | O84: =VLOOKUP($C77,'2025年度(M2前期)'!$B$5:$N$208,COLUMN('2025年度(M2前期)'!$E$5)+1,0)&"" | Q84: =VLOOKUP($C77,'2025年度(D1前期)'!$B$5:$N$208,COLUMN('2025年度(D1前期)'!$E$5)+1,0)&"" | S84: =VLOOKUP($C77,'2025年度(D23前期)'!$B$5:$N$208,COLUMN('2025年度(D23前期)'!$E$5)+1,0)&""
B85: 備 考
A86: 昼休み（12：30～13：30） | B86: 活動名 | Z86: =A86 -> 昼休み（12：30～13：30）
B87: 責任者
B88: 使用教室
B89: 備 考
A90: ３時限（13：30～15：00） | B90: 科目名 | C90: =VLOOKUP($C77,'2025年度(1年前期)'!$B$5:$N$208,COLUMN('2025年度(1年前期)'!$G$5),0)&"" -> 防犯&防災教室 | E90: =VLOOKUP($C77,'2025年度(2年前期)'!$B$5:$N$208,COLUMN('2025年度(2年前期)'!$G$5),0)&"" -> 防犯＆防災教室 | G90: =VLOOKUP($C77,'2025年度(3年前期)'!$B$5:$N$208,COLUMN('2025年度(3年前期)'!$G$5),0)&"" -> 防犯＆防災教室 | I90: =VLOOKUP($C77,'2025年度(4年前期)'!$B$5:$N$208,COLUMN('2025年度(4年前期)'!$G$5),0)&"" -> 防犯&防災教室 | K90: =VLOOKUP($C77,'2025年度(助産前期)'!$B$5:$N$208,COLUMN('2025年度(助産前期)'!$G$5),0)&"" | M90: =VLOOKUP($C77,'2025年度(M1前期)'!$B$5:$N$208,COLUMN('2025年度(M1前期)'!$G$5),0)&"" | O90: =VLOOKUP($C77,'2025年度(M2前期)'!$B$5:$N$208,COLUMN('2025年度(M2前期)'!$G$5),0)&"" | Q90: =VLOOKUP($C77,'2025年度(D1前期)'!$B$5:$N$208,COLUMN('2025年度(D1前期)'!$G$5),0)&"" | S90: =VLOOKUP($C77,'2025年度(D23前期)'!$B$5:$N$208,COLUMN('2025年度(D23前期)'!$G$5),0)&"" | Z90: =A90 -> ３時限（13：30～15：00） | AF90: 防犯＆防災教室
B91: 教 官 | C91: =IFERROR(VLOOKUP(C90,科目・教員!$A$1:$B$357,2,0),"") | E91: =IFERROR(VLOOKUP(E90,科目・教員!$A$1:$B$357,2,0),"") | G91: =IFERROR(VLOOKUP(G90,科目・教員!$A$1:$B$357,2,0),"") | I91: =IFERROR(VLOOKUP(I90,科目・教員!$A$1:$B$357,2,0),"") | K91: =IFERROR(VLOOKUP(K90,科目・教員!$A$1:$B$357,2,0),"") | M91: =IFERROR(VLOOKUP(M90,科目・教員!$A$1:$B$357,2,0),"") | O91: =IFERROR(VLOOKUP(O90,科目・教員!$A$1:$B$357,2,0),"") | Q91: =IFERROR(VLOOKUP(Q90,科目・教員!$A$1:$B$357,2,0),"") | S91: =IFERROR(VLOOKUP(S90,科目・教員!$A$1:$B$357,2,0),"")
B92: 使用教室 | C92: =VLOOKUP($C77,'2025年度(1年前期)'!$B$5:$N$208,COLUMN('2025年度(1年前期)'!$G$5)+1,0)&"" -> 講堂 | E92: =VLOOKUP($C77,'2025年度(2年前期)'!$B$5:$N$208,COLUMN('2025年度(2年前期)'!$G$5)+1,0)&"" -> 講堂 | G92: =VLOOKUP($C77,'2025年度(3年前期)'!$B$5:$N$208,COLUMN('2025年度(3年前期)'!$G$5)+1,0)&"" -> 講堂 | I92: =VLOOKUP($C77,'2025年度(4年前期)'!$B$5:$N$208,COLUMN('2025年度(4年前期)'!$G$5)+1,0)&"" -> 講堂 | K92: =VLOOKUP($C77,'2025年度(助産前期)'!$B$5:$N$208,COLUMN('2025年度(助産前期)'!$G$5)+1,0)&"" | M92: =VLOOKUP($C77,'2025年度(M1前期)'!$B$5:$N$208,COLUMN('2025年度(M1前期)'!$G$5)+1,0)&"" | O92: =VLOOKUP($C77,'2025年度(M2前期)'!$B$5:$N$208,COLUMN('2025年度(M2前期)'!$G$5)+1,0)&"" | Q92: =VLOOKUP($C77,'2025年度(D1前期)'!$B$5:$N$208,COLUMN('2025年度(D1前期)'!$G$5)+1,0)&"" | S92: =VLOOKUP($C77,'2025年度(D23前期)'!$B$5:$N$208,COLUMN('2025年度(D23前期)'!$G$5)+1,0)&""
B93: 備 考
A94: ４時限（15：10～16：40） | B94: 科目名 | C94: =VLOOKUP($C77,'2025年度(1年前期)'!$B$5:$N$208,COLUMN('2025年度(1年前期)'!$I$5),0)&"" -> チューター別グループ面談･校内見学 | E94: =VLOOKUP($C77,'2025年度(2年前期)'!$B$5:$N$208,COLUMN('2025年度(2年前期)'!$I$5),0)&"" -> チューター別グループ面談･校内見学 | G94: =VLOOKUP($C77,'2025年度(3年前期)'!$B$5:$N$208,COLUMN('2025年度(3年前期)'!$I$5),0)&"" -> チューター別グループ面談・校内見学 | I94: =VLOOKUP($C77,'2025年度(4年前期)'!$B$5:$N$208,COLUMN('2025年度(4年前期)'!$I$5),0)&"" -> チューター別グループ面談・校内見学 | K94: =VLOOKUP($C77,'2025年度(助産前期)'!$B$5:$N$208,COLUMN('2025年度(助産前期)'!$I$5),0)&"" | M94: =VLOOKUP($C77,'2025年度(M1前期)'!$B$5:$N$208,COLUMN('2025年度(M1前期)'!$I$5),0)&"" | O94: =VLOOKUP($C77,'2025年度(M2前期)'!$B$5:$N$208,COLUMN('2025年度(M2前期)'!$I$5),0)&"" | Q94: =VLOOKUP($C77,'2025年度(D1前期)'!$B$5:$N$208,COLUMN('2025年度(D1前期)'!$I$5),0)&"" | S94: =VLOOKUP($C77,'2025年度(D23前期)'!$B$5:$N$208,COLUMN('2025年度(D23前期)'!$I$5),0)&"" | Z94: =A94 -> ４時限（15：10～16：40）
B95: 教 官 | C95: =IFERROR(VLOOKUP(C94,科目・教員!$A$1:$B$357,2,0),"") | E95: =IFERROR(VLOOKUP(E94,科目・教員!$A$1:$B$357,2,0),"") | G95: =IFERROR(VLOOKUP(G94,科目・教員!$A$1:$B$357,2,0),"") | I95: =IFERROR(VLOOKUP(I94,科目・教員!$A$1:$B$357,2,0),"") | K95: =IFERROR(VLOOKUP(K94,科目・教員!$A$1:$B$357,2,0),"") | M95: =IFERROR(VLOOKUP(M94,科目・教員!$A$1:$B$357,2,0),"") | O95: =IFERROR(VLOOKUP(O94,科目・教員!$A$1:$B$357,2,0),"") | Q95: =IFERROR(VLOOKUP(Q94,科目・教員!$A$1:$B$357,2,0),"") | S95: =IFERROR(VLOOKUP(S94,科目・教員!$A$1:$B$357,2,0),"")
B96: 使用教室 | C96: =VLOOKUP($C77,'2025年度(1年前期)'!$B$5:$N$208,COLUMN('2025年度(1年前期)'!$I$5)+1,0)&"" | E96: =VLOOKUP($C77,'2025年度(2年前期)'!$B$5:$N$208,COLUMN('2025年度(2年前期)'!$I$5)+1,0)&"" | G96: =VLOOKUP($C77,'2025年度(3年前期)'!$B$5:$N$208,COLUMN('2025年度(3年前期)'!$I$5)+1,0)&"" | I96: =VLOOKUP($C77,'2025年度(4年前期)'!$B$5:$N$208,COLUMN('2025年度(4年前期)'!$I$5)+1,0)&"" | K96: =VLOOKUP($C77,'2025年度(助産前期)'!$B$5:$N$208,COLUMN('2025年度(助産前期)'!$I$5)+1,0)&"" | M96: =VLOOKUP($C77,'2025年度(M1前期)'!$B$5:$N$208,COLUMN('2025年度(M1前期)'!$I$5)+1,0)&"" | O96: =VLOOKUP($C77,'2025年度(M2前期)'!$B$5:$N$208,COLUMN('2025年度(M2前期)'!$I$5)+1,0)&"" | Q96: =VLOOKUP($C77,'2025年度(D1前期)'!$B$5:$N$208,COLUMN('2025年度(D1前期)'!$I$5)+1,0)&"" | S96: =VLOOKUP($C77,'2025年度(D23前期)'!$B$5:$N$208,COLUMN('2025年度(D23前期)'!$I$5)+1,0)&""
B97: 備 考
A98: ５時限（16：50～18：20） | B98: 科目名 | C98: =VLOOKUP($C77,'2025年度(1年前期)'!$B$5:$N$208,COLUMN('2025年度(1年前期)'!$K$5),0)&"" | E98: =VLOOKUP($C77,'2025年度(2年前期)'!$B$5:$N$208,COLUMN('2025年度(2年前期)'!$K$5),0)&"" | G98: =VLOOKUP($C77,'2025年度(3年前期)'!$B$5:$N$208,COLUMN('2025年度(3年前期)'!$K$5),0)&"" | I98: =VLOOKUP($C77,'2025年度(4年前期)'!$B$5:$N$208,COLUMN('2025年度(4年前期)'!$K$5),0)&"" | K98: =VLOOKUP($C77,'2025年度(助産前期)'!$B$5:$N$208,COLUMN('2025年度(助産前期)'!$K$5),0)&"" | M98: =VLOOKUP($C77,'2025年度(M1前期)'!$B$5:$N$208,COLUMN('2025年度(M1前期)'!$K$5),0)&"" | O98: =VLOOKUP($C77,'2025年度(M2前期)'!$B$5:$N$208,COLUMN('2025年度(M2前期)'!$K$5),0)&"" | Q98: =VLOOKUP($C77,'2025年度(D1前期)'!$B$5:$N$208,COLUMN('2025年度(D1前期)'!$K$5),0)&"" | S98: =VLOOKUP($C77,'2025年度(D23前期)'!$B$5:$N$208,COLUMN('2025年度(D23前期)'!$K$5),0)&"" | U98: 5限 | Z98: =A98 -> ５時限（16：50～18：20） | BJ98: M2山内
B99: 教 官 | C99: =IFERROR(VLOOKUP(C98,科目・教員!$A$1:$B$357,2,0),"") | E99: =IFERROR(VLOOKUP(E98,科目・教員!$A$1:$B$357,2,0),"") | G99: =IFERROR(VLOOKUP(G98,科目・教員!$A$1:$B$357,2,0),"") | I99: =IFERROR(VLOOKUP(I98,科目・教員!$A$1:$B$357,2,0),"") | K99: =IFERROR(VLOOKUP(K98,科目・教員!$A$1:$B$357,2,0),"") | M99: =IFERROR(VLOOKUP(M98,科目・教員!$A$1:$B$357,2,0),"") | O99: =IFERROR(VLOOKUP(O98,科目・教員!$A$1:$B$357,2,0),"") | Q99: =IFERROR(VLOOKUP(Q98,科目・教員!$A$1:$B$357,2,0),"") | S99: =IFERROR(VLOOKUP(S98,科目・教員!$A$1:$B$357,2,0),"") | U99: 成人がん看護学
B100: 使用教室 | C100: =VLOOKUP($C77,'2025年度(1年前期)'!$B$5:$N$208,COLUMN('2025年度(1年前期)'!$K$5)+1,0)&"" | E100: =VLOOKUP($C77,'2025年度(2年前期)'!$B$5:$N$208,COLUMN('2025年度(2年前期)'!$K$5)+1,0)&"" | G100: =VLOOKUP($C77,'2025年度(3年前期)'!$B$5:$N$208,COLUMN('2025年度(3年前期)'!$K$5)+1,0)&"" | I100: =VLOOKUP($C77,'2025年度(4年前期)'!$B$5:$N$208,COLUMN('2025年度(4年前期)'!$K$5)+1,0)&"" | K100: =VLOOKUP($C77,'2025年度(助産前期)'!$B$5:$N$208,COLUMN('2025年度(助産前期)'!$K$5)+1,0)&"" | M100: =VLOOKUP($C77,'2025年度(M1前期)'!$B$5:$N$208,COLUMN('2025年度(M1前期)'!$K$5)+1,0)&"" | O100: =VLOOKUP($C77,'2025年度(M2前期)'!$B$5:$N$208,COLUMN('2025年度(M2前期)'!$K$5)+1,0)&"" | Q100: =VLOOKUP($C77,'2025年度(D1前期)'!$B$5:$N$208,COLUMN('2025年度(D1前期)'!$K$5)+1,0)&"" | S100: =VLOOKUP($C77,'2025年度(D23前期)'!$B$5:$N$208,COLUMN('2025年度(D23前期)'!$K$5)+1,0)&"" | U100: M2山内
...

Sheet 2025年5月
A1: 45778 | C1: １年 | E1: ２年 | G1: ３年 | I1: ４年 | K1: 助産 | M1: 研究課程部 Ｍ１ | O1: 研究課程部 Ｍ２ | Q1: 研究課程部 Ｄ１ | S1: 研究課程部 Ｄ２３ | U1: =A1 -> 45778 | V1: 授業外その他教室等管理スケジュール | AA1: １階 | AG1: ２階 | AW1: ３階 | BI1: ４階 | BK1: 体育棟 | BM1: 福利棟 | BN1: 研修棟
C2: =A1 -> 45778 | U2: =C2 -> 45778 | AA2: 101 | AB2: 102 | AC2: 103 | AD2: 在宅実習室 | AE2: 成人実習室 | AF2: 講堂 | AG2: 201 | AH2: 202 | AI2: 203 | AJ2: 204 | AK2: 205 | AL2: 基礎実習室 | AM2: 母性・小児実習室 | AN2: 演習21 | AO2: 演習22 | AP2: 演習23 | AQ2: 演習24 | AR2: 演習25 | AS2: 演習26 | AT2: 演習27 | AU2: 演習28 | AV2: 演習29 | AW2: 301 | AX2: 302 | AY2: 303 | AZ2: 304 | BA2: 臨床１ | BB2: 臨床２ | BC2: LL1 | BD2: LL2 | BE2: 実験室 | BF2: 情報処理室 | BG2: 演習31 | BH2: 演習32 | BI2: セミナー室１ | BJ2: セミナー室２ | BK2: 大講義室 | BL2: アリーナ | BM2: 多目的ルーム | BN2: 研修１ | BO2: 研修３ | BP2: 研修４ | BQ2: 研修５ | BR2: 研修６ | BS2: 研修７ | BT2: 視聴覚室
A3: １時限（09：20～10：50） | B3: 科目名 | C3: =VLOOKUP($C2,'2025年度(1年前期)'!$B$5:$N$208,COLUMN('2025年度(1年前期)'!$C$5),0)&"" -> 英語Ⅱ(C) 情報リテラシー(AB) | E3: =VLOOKUP($C2,'2025年度(2年前期)'!$B$5:$N$208,COLUMN('2025年度(2年前期)'!$C$5),0)&"" -> マスコミュニケーション論 | G3: =VLOOKUP($C2,'2025年度(3年前期)'!$B$5:$N$208,COLUMN('2025年度(3年前期)'!$C$5),0)&"" -> 看護実践と研究成果の活用 | I3: =VLOOKUP($C2,'2025年度(4年前期)'!$B$5:$N$208,COLUMN('2025年度(4年前期)'!$C$5),0)&"" | K3: =VLOOKUP($C2,'2025年度(助産前期)'!$B$5:$N$208,COLUMN('2025年度(助産前期)'!$C$5),0)&"" -> 助産学演習Ⅱ | M3: =VLOOKUP($C2,'2025年度(M1前期)'!$B$5:$N$208,COLUMN('2025年度(M1前期)'!$C$5),0)&"" -> 成育看護学特論Ａ－Ⅰ 感染管理看護学特論Ａ－Ⅱ 精神看護学特論Ａ－Ⅱ | O3: =VLOOKUP($C2,'2025年度(M2前期)'!$B$5:$N$208,COLUMN('2025年度(M2前期)'!$C$5),0)&"" -> 長寿看護学演習Ａ－Ⅱ | Q3: =VLOOKUP($C2,'2025年度(D1前期)'!$B$5:$N$208,COLUMN('2025年度(D1前期)'!$C$5),0)&"" -> 質的看護学研究法 | S3: =VLOOKUP($C2,'2025年度(D23前期)'!$B$5:$N$208,COLUMN('2025年度(D23前期)'!$C$5),0)&"" -> 特別研究 | U3: 1限 | Z3: =A3 -> １時限（09：20～10：50） | AA3: マスコミュニケーション論 | AE3: 面接練習 | AG3: 情報リテラシー | AH3: 英語ⅡC | AM3: 助産学演習Ⅱ | BA3: 質的看護学研究法 | BB3: 成育看護学特論A-Ⅰ | BI3: 精神看護学特論Ａ－Ⅱ | BK3: 看護実践と研究成果の活用
B4: 教 官 | C4: =IFERROR(VLOOKUP(C3,科目・教員!$A$1:$B$357,2,0),"") | E4: =IFERROR(VLOOKUP(E3,科目・教員!$A$1:$B$357,2,0),"") -> 飯野 勝己 | G4: =IFERROR(VLOOKUP(G3,科目・教員!$A$1:$B$357,2,0),"") -> 西岡 みどり | I4: =IFERROR(VLOOKUP(I3,科目・教員!$A$1:$B$357,2,0),"") | K4: =IFERROR(VLOOKUP(K3,科目・教員!$A$1:$B$357,2,0),"") -> 日置 智華子 | M4: =IFERROR(VLOOKUP(M3,科目・教員!$A$1:$B$357,2,0),"") | O4: =IFERROR(VLOOKUP(O3,科目・教員!$A$1:$B$357,2,0),"") | Q4: =IFERROR(VLOOKUP(Q3,科目・教員!$A$1:$B$357,2,0),"") -> 萱間 真美 | S4: =IFERROR(VLOOKUP(S3,科目・教員!$A$1:$B$357,2,0),"") | U4: 面接練習
B5: 使用教室 | C5: =VLOOKUP($C2,'2025年度(1年前期)'!$B$5:$N$208,COLUMN('2025年度(1年前期)'!$C$5)+1,0)&"" -> 英C:202 情報:201 | E5: =VLOOKUP($C2,'2025年度(2年前期)'!$B$5:$N$208,COLUMN('2025年度(2年前期)'!$C$5)+1,0)&"" -> 101 | G5: =VLOOKUP($C2,'2025年度(3年前期)'!$B$5:$N$208,COLUMN('2025年度(3年前期)'!$C$5)+1,0)&"" -> 大講義室 | I5: =VLOOKUP($C2,'2025年度(4年前期)'!$B$5:$N$208,COLUMN('2025年度(4年前期)'!$C$5)+1,0)&"" | K5: =VLOOKUP($C2,'2025年度(助産前期)'!$B$5:$N$208,COLUMN('2025年度(助産前期)'!$C$5)+1,0)&"" -> 母小実 | M5: =VLOOKUP($C2,'2025年度(M1前期)'!$B$5:$N$208,COLUMN('2025年度(M1前期)'!C$5)+1,0)&"" -> 成育:臨床講義室2 感染：別途指定 精神:セミナールーム1 | O5: =VLOOKUP($C2,'2025年度(M2前期)'!$B$5:$N$208,COLUMN('2025年度(M2前期)'!$C$5)+1,0)&"" -> 別途指定 | Q5: =VLOOKUP($C2,'2025年度(D1前期)'!$B$5:$N$208,COLUMN('2025年度(D1前期)'!$C$5)+1,0)&"" -> 臨床講義室1 | S5: =VLOOKUP($C2,'2025年度(D23前期)'!$B$5:$N$208,COLUMN('2025年度(D23前期)'!$C$5)+1,0)&"" | U5: 成人実
B6: 備 考 | C6: 非常勤講師控室A | U6: 長岡先生
A7: ２時限（11：00～12：30） | B7: 科目名 | C7: =VLOOKUP($C2,'2025年度(1年前期)'!$B$5:$N$208,COLUMN('2025年度(1年前期)'!$E$5),0)&"" -> 英語Ⅱ(AB) 情報リテラシー(CD) | E7: =VLOOKUP($C2,'2025年度(2年前期)'!$B$5:$N$208,COLUMN('2025年度(2年前期)'!$E$5),0)&"" -> 遺伝と健康 | G7: =VLOOKUP($C2,'2025年度(3年前期)'!$B$5:$N$208,COLUMN('2025年度(3年前期)'!$E$5),0)&"" -> 看護実践と研究成果の活用 | I7: =VLOOKUP($C2,'2025年度(4年前期)'!$B$5:$N$208,COLUMN('2025年度(4年前期)'!$E$5),0)&"" | K7: =VLOOKUP($C2,'2025年度(助産前期)'!$B$5:$N$208,COLUMN('2025年度(助産前期)'!$E$5),0)&"" -> 助産学演習Ⅱ | M7: =VLOOKUP($C2,'2025年度(M1前期)'!$B$5:$N$208,COLUMN('2025年度(M1前期)'!$E$5),0)&"" -> 成育看護学特論Ａ－Ⅰ 感染管理看護学特論Ａ－Ⅱ 精神看護学特論Ａ－Ⅱ | O7: =VLOOKUP($C2,'2025年度(M2前期)'!$B$5:$N$208,COLUMN('2025年度(M2前期)'!$E$5),0)&"" -> 長寿看護学演習Ａ－Ⅱ | Q7: =VLOOKUP($C2,'2025年度(D1前期)'!$B$5:$N$208,COLUMN('2025年度(D1前期)'!$E$5),0)&"" -> 質的看護学研究法 | S7: =VLOOKUP($C2,'2025年度(D23前期)'!$B$5:$N$208,COLUMN('2025年度(D23前期)'!$E$5),0)&"" -> 特別研究 | U7: 2限 | Z7: =A7 -> ２時限（11：00～12：30） | AA7: 遺伝と健康 | AG7: 情報リテラシー | AH7: 英語ⅡA | AM7: 助産学演習Ⅱ | AW7: 英語ⅡB | AX7: 卒研(老年)古川先生 | BA7: 質的看護学研究法 | BB7: 成育看護学特論A-Ⅰ | BI7: 精神看護学特論Ａ－Ⅱ | BK7: 看護実践と研究成果の活用
B8: 教 官 | C8: =IFERROR(VLOOKUP(C7,科目・教員!$A$1:$B$357,2,0),"") | E8: =IFERROR(VLOOKUP(E7,科目・教員!$A$1:$B$357,2,0),"") -> 井上 健 | G8: =IFERROR(VLOOKUP(G7,科目・教員!$A$1:$B$357,2,0),"") -> 西岡 みどり | I8: =IFERROR(VLOOKUP(I7,科目・教員!$A$1:$B$357,2,0),"") | K8: =IFERROR(VLOOKUP(K7,科目・教員!$A$1:$B$357,2,0),"") -> 日置 智華子 | M8: =IFERROR(VLOOKUP(M7,科目・教員!$A$1:$B$357,2,0),"") | O8: =IFERROR(VLOOKUP(O7,科目・教員!$A$1:$B$357,2,0),"") | Q8: =IFERROR(VLOOKUP(Q7,科目・教員!$A$1:$B$357,2,0),"") -> 萱間 真美 | S8: =IFERROR(VLOOKUP(S7,科目・教員!$A$1:$B$357,2,0),"") | U8: 卒研(老年)
B9: 使用教室 | C9: =VLOOKUP($C2,'2025年度(1年前期)'!$B$5:$N$208,COLUMN('2025年度(1年前期)'!$E$5)+1,0)&"" -> 英A:202 英B:301 情報:201 | E9: =VLOOKUP($C2,'2025年度(2年前期)'!$B$5:$N$208,COLUMN('2025年度(2年前期)'!$E$5)+1,0)&"" -> 101 | G9: =VLOOKUP($C2,'2025年度(3年前期)'!$B$5:$N$208,COLUMN('2025年度(3年前期)'!$E$5)+1,0)&"" -> 大講義室 | I9: =VLOOKUP($C2,'2025年度(4年前期)'!$B$5:$N$208,COLUMN('2025年度(4年前期)'!$E$5)+1,0)&"" | K9: =VLOOKUP($C2,'2025年度(助産前期)'!$B$5:$N$208,COLUMN('2025年度(助産前期)'!$E$5)+1,0)&"" -> 母小実 | M9: =VLOOKUP($C2,'2025年度(M1前期)'!$B$5:$N$208,COLUMN('2025年度(M1前期)'!$E$5)+1,0)&"" -> 成育:臨床講義室2 感染：別途指定 精神:セミナールーム1 | O9: =VLOOKUP($C2,'2025年度(M2前期)'!$B$5:$N$208,COLUMN('2025年度(M2前期)'!$E$5)+1,0)&"" -> 別途指定 | Q9: =VLOOKUP($C2,'2025年度(D1前期)'!$B$5:$N$208,COLUMN('2025年度(D1前期)'!$E$5)+1,0)&"" -> 臨床講義室1 | S9: =VLOOKUP($C2,'2025年度(D23前期)'!$B$5:$N$208,COLUMN('2025年度(D23前期)'!$E$5)+1,0)&"" | U9: 302教室
B10: 備 考 | C10: 非常勤講師控室A | E10: 非常勤講師控室B | U10: 古川先生
A11: 昼休み（12：30～13：30） | B11: 活動名 | Z11: =A11 -> 昼休み（12：30～13：30）
B12: 責任者
B13: 使用教室
B14: 備 考
A15: ３時限（13：30～15：00） | B15: 科目名 | C15: =VLOOKUP($C2,'2025年度(1年前期)'!$B$5:$N$208,COLUMN('2025年度(1年前期)'!$G$5),0)&"" -> 看護学概論 | E15: =VLOOKUP($C2,'2025年度(2年前期)'!$B$5:$N$208,COLUMN('2025年度(2年前期)'!$G$5),0)&"" -> フィジカルアセスメント | G15: =VLOOKUP($C2,'2025年度(3年前期)'!$B$5:$N$208,COLUMN('2025年度(3年前期)'!$G$5),0)&"" -> 小児看護援助論Ⅱ | I15: =VLOOKUP($C2,'2025年度(4年前期)'!$B$5:$N$208,COLUMN('2025年度(4年前期)'!$G$5),0)&"" -> 国際看護活動論 | K15: =VLOOKUP($C2,'2025年度(助産前期)'!$B$5:$N$208,COLUMN('2025年度(助産前期)'!$G$5),0)&"" | M15: =VLOOKUP($C2,'2025年度(M1前期)'!$B$5:$N$208,COLUMN('2025年度(M1前期)'!$G$5),0)&"" -> 長寿看護学特論Ａ－Ⅰ 感染管理看護学演習Ａ－Ⅰ 精神看護学演習Ａ－Ⅰ | O15: =VLOOKUP($C2,'2025年度(M2前期)'!$B$5:$N$208,COLUMN('2025年度(M2前期)'!$G$5),0)&"" -> 特別研究 | Q15: =VLOOKUP($C2,'2025年度(D1前期)'!$B$5:$N$208,COLUMN('2025年度(D1前期)'!$G$5),0)&"" | S15: =VLOOKUP($C2,'2025年度(D23前期)'!$B$5:$N$208,COLUMN('2025年度(D23前期)'!$G$5),0)&"" -> 特別研究 | Z15: =A15 -> ３時限（13：30～15：00） | AA15: フィジカルアセスメント | AE15: フィジカルアセスメント | AG15: 看護学概論 | AH15: フィジカルアセスメント | AW15: 国際看護活動論 | BA15: 長寿看護学特論A-Ⅰ | BB15: 精神看護学演習Ａ－Ⅰ | BK15: 小児看護援助論Ⅱ
B16: 教 官 | C16: =IFERROR(VLOOKUP(C15,科目・教員!$A$1:$B$357,2,0),"") -> 矢富 有見子 | E16: =IFERROR(VLOOKUP(E15,科目・教員!$A$1:$B$357,2,0),"") -> 梅田 亜矢 | G16: =IFERROR(VLOOKUP(G15,科目・教員!$A$1:$B$357,2,0),"") -> 遠藤 数江 | I16: =IFERROR(VLOOKUP(I15,科目・教員!$A$1:$B$357,2,0),"") -> 須藤 恭子 | K16: =IFERROR(VLOOKUP(K15,科目・教員!$A$1:$B$357,2,0),"") | M16: =IFERROR(VLOOKUP(M15,科目・教員!$A$1:$B$357,2,0),"") | O16: =IFERROR(VLOOKUP(O15,科目・教員!$A$1:$B$357,2,0),"") | Q16: =IFERROR(VLOOKUP(Q15,科目・教員!$A$1:$B$357,2,0),"") | S16: =IFERROR(VLOOKUP(S15,科目・教員!$A$1:$B$357,2,0),"")
B17: 使用教室 | C17: =VLOOKUP($C2,'2025年度(1年前期)'!$B$5:$N$208,COLUMN('2025年度(1年前期)'!$G$5)+1,0)&"" -> 201 | E17: =VLOOKUP($C2,'2025年度(2年前期)'!$B$5:$N$208,COLUMN('2025年度(2年前期)'!$G$5)+1,0)&"" -> 101･202･成人実 | G17: =VLOOKUP($C2,'2025年度(3年前期)'!$B$5:$N$208,COLUMN('2025年度(3年前期)'!$G$5)+1,0)&"" -> 大講義室 | I17: =VLOOKUP($C2,'2025年度(4年前期)'!$B$5:$N$208,COLUMN('2025年度(4年前期)'!$G$5)+1,0)&"" -> 301 | K17: =VLOOKUP($C2,'2025年度(助産前期)'!$B$5:$N$208,COLUMN('2025年度(助産前期)'!$G$5)+1,0)&"" | M17: =VLOOKUP($C2,'2025年度(M1前期)'!$B$5:$N$208,COLUMN('2025年度(M1前期)'!$G$5)+1,0)&"" -> 長寿:臨床講義室1 感染:別途指定 精神:臨床講義室2 | O17: =VLOOKUP($C2,'2025年度(M2前期)'!$B$5:$N$208,COLUMN('2025年度(M2前期)'!$G$5)+1,0)&"" | Q17: =VLOOKUP($C2,'2025年度(D1前期)'!$B$5:$N$208,COLUMN('2025年度(D1前期)'!$G$5)+1,0)&"" | S17: =VLOOKUP($C2,'2025年度(D23前期)'!$B$5:$N$208,COLUMN('2025年度(D23前期)'!$G$5)+1,0)&""
B18: 備 考
A19: ４時限（15：10～16：40） | B19: 科目名 | C19: =VLOOKUP($C2,'2025年度(1年前期)'!$B$5:$N$208,COLUMN('2025年度(1年前期)'!$I$5),0)&"" -> 食の科学 | E19: =VLOOKUP($C2,'2025年度(2年前期)'!$B$5:$N$208,COLUMN('2025年度(2年前期)'!$I$5),0)&"" -> フィジカルアセスメント | G19: =VLOOKUP($C2,'2025年度(3年前期)'!$B$5:$N$208,COLUMN('2025年度(3年前期)'!$I$5),0)&"" -> 小児看護援助論Ⅱ | I19: =VLOOKUP($C2,'2025年度(4年前期)'!$B$5:$N$208,COLUMN('2025年度(4年前期)'!$I$5),0)&"" -> 国際看護学実習Ⅱオリ② | K19: =VLOOKUP($C2,'2025年度(助産前期)'!$B$5:$N$208,COLUMN('2025年度(助産前期)'!$I$5),0)&"" | M19: =VLOOKUP($C2,'2025年度(M1前期)'!$B$5:$N$208,COLUMN('2025年度(M1前期)'!$I$5),0)&"" -> 長寿看護学特論Ａ－Ⅰ 感染管理看護学演習Ａ－Ⅰ 精神看護学演習Ａ－Ⅰ | O19: =VLOOKUP($C2,'2025年度(M2前期)'!$B$5:$N$208,COLUMN('2025年度(M2前期)'!$I$5),0)&"" -> 特別研究 | Q19: =VLOOKUP($C2,'2025年度(D1前期)'!$B$5:$N$208,COLUMN('2025年度(D1前期)'!$I$5),0)&"" | S19: =VLOOKUP($C2,'2025年度(D23前期)'!$B$5:$N$208,COLUMN('2025年度(D23前期)'!$I$5),0)&"" -> 特別研究 | U19: 4限 | Z19: =A19 -> ４時限（15：10～16：40） | AA19: フィジカルアセスメント | AE19: フィジカルアセスメント | AG19: 食の科学 | AH19: フィジカルアセスメント | AW19: 国際看護学実習Ⅱオリエンテーション | BA19: 長寿看護学特論A-Ⅰ | BB19: 精神看護学演習Ａ－Ⅰ | BJ19: M2今野 | BK19: 小児看護援助論Ⅱ
B20: 教 官 | C20: =IFERROR(VLOOKUP(C19,科目・教員!$A$1:$B$357,2,0),"") -> 本間 典子 | E20: =IFERROR(VLOOKUP(E19,科目・教員!$A$1:$B$357,2,0),"") -> 梅田 亜矢 | G20: =IFERROR(VLOOKUP(G19,科目・教員!$A$1:$B$357,2,0),"") -> 遠藤 数江 | I20: =IFERROR(VLOOKUP(I19,科目・教員!$A$1:$B$357,2,0),"") | K20: =IFERROR(VLOOKUP(K19,科目・教員!$A$1:$B$357,2,0),"") | M20: =IFERROR(VLOOKUP(M19,科目・教員!$A$1:$B$357,2,0),"") | O20: =IFERROR(VLOOKUP(O19,科目・教員!$A$1:$B$357,2,0),"") | Q20: =IFERROR(VLOOKUP(Q19,科目・教員!$A$1:$B$357,2,0),"") | S20: =IFERROR(VLOOKUP(S19,科目・教員!$A$1:$B$357,2,0),"") | U20: ゼミ
B21: 使用教室 | C21: =VLOOKUP($C2,'2025年度(1年前期)'!$B$5:$N$208,COLUMN('2025年度(1年前期)'!$I$5)+1,0)&"" -> 201 | E21: =VLOOKUP($C2,'2025年度(2年前期)'!$B$5:$N$208,COLUMN('2025年度(2年前期)'!$I$5)+1,0)&"" -> 101･202･成人実 | G21: =VLOOKUP($C2,'2025年度(3年前期)'!$B$5:$N$208,COLUMN('2025年度(3年前期)'!$I$5)+1,0)&"" -> 大講義室 | I21: =VLOOKUP($C2,'2025年度(4年前期)'!$B$5:$N$208,COLUMN('2025年度(4年前期)'!$I$5)+1,0)&"" -> 301 | K21: =VLOOKUP($C2,'2025年度(助産前期)'!$B$5:$N$208,COLUMN('2025年度(助産前期)'!$I$5)+1,0)&"" | M21: =VLOOKUP($C2,'2025年度(M1前期)'!$B$5:$N$208,COLUMN('2025年度(M1前期)'!$I$5)+1,0)&"" -> 長寿:臨床講義室1 感染:別途指定 精神:臨床講義室2 | O21: =VLOOKUP($C2,'2025年度(M2前期)'!$B$5:$N$208,COLUMN('2025年度(M2前期)'!$I$5)+1,0)&"" | Q21: =VLOOKUP($C2,'2025年度(D1前期)'!$B$5:$N$208,COLUMN('2025年度(D1前期)'!$I$5)+1,0)&"" | S21: =VLOOKUP($C2,'2025年度(D23前期)'!$B$5:$N$208,COLUMN('2025年度(D23前期)'!$I$5)+1,0)&"" | U21: M2今野
B22: 備 考 | U22: セミナールーム2
A23: ５時限（16：50～18：20） | B23: 科目名 | C23: =VLOOKUP($C2,'2025年度(1年前期)'!$B$5:$N$208,COLUMN('2025年度(1年前期)'!$K$5),0)&"" -> フランス語 | E23: =VLOOKUP($C2,'2025年度(2年前期)'!$B$5:$N$208,COLUMN('2025年度(2年前期)'!$K$5),0)&"" | G23: =VLOOKUP($C2,'2025年度(3年前期)'!$B$5:$N$208,COLUMN('2025年度(3年前期)'!$K$5),0)&"" | I23: =VLOOKUP($C2,'2025年度(4年前期)'!$B$5:$N$208,COLUMN('2025年度(4年前期)'!$K$5),0)&"" -> 卒業研究Ⅰ | K23: =VLOOKUP($C2,'2025年度(助産前期)'!$B$5:$N$208,COLUMN('2025年度(助産前期)'!$K$5),0)&"" | M23: =VLOOKUP($C2,'2025年度(M1前期)'!$B$5:$N$208,COLUMN('2025年度(M1前期)'!$K$5),0)&"" | O23: =VLOOKUP($C2,'2025年度(M2前期)'!$B$5:$N$208,COLUMN('2025年度(M2前期)'!$K$5),0)&"" | Q23: =VLOOKUP($C2,'2025年度(D1前期)'!$B$5:$N$208,COLUMN('2025年度(D1前期)'!$K$5),0)&"" | S23: =VLOOKUP($C2,'2025年度(D23前期)'!$B$5:$N$208,COLUMN('2025年度(D23前期)'!$K$5),0)&"" | U23: 5限 | V23: 5限 | Z23: =A23 -> ５時限（16：50～18：20） | AG23: フランス語 | AX23: 長岡先生卒研 | BI23: M2栗原
B24: 教 官 | C24: =IFERROR(VLOOKUP(C23,科目・教員!$A$1:$B$357,2,0),"") -> 小西 英則 | E24: =IFERROR(VLOOKUP(E23,科目・教員!$A$1:$B$357,2,0),"") | G24: =IFERROR(VLOOKUP(G23,科目・教員!$A$1:$B$357,2,0),"") | I24: =IFERROR(VLOOKUP(I23,科目・教員!$A$1:$B$357,2,0),"") -> 各担当教員 | K24: =IFERROR(VLOOKUP(K23,科目・教員!$A$1:$B$357,2,0),"") | M24: =IFERROR(VLOOKUP(M23,科目・教員!$A$1:$B$357,2,0),"") | O24: =IFERROR(VLOOKUP(O23,科目・教員!$A$1:$B$357,2,0),"") | Q24: =IFERROR(VLOOKUP(Q23,科目・教員!$A$1:$B$357,2,0),"") | S24: =IFERROR(VLOOKUP(S23,科目・教員!$A$1:$B$357,2,0),"") | U24: 長寿ゼミ | V24: 長岡先生卒研
B25: 使用教室 | C25: =VLOOKUP($C2,'2025年度(1年前期)'!$B$5:$N$208,COLUMN('2025年度(1年前期)'!$K$5)+1,0)&"" -> 201 | E25: =VLOOKUP($C2,'2025年度(2年前期)'!$B$5:$N$208,COLUMN('2025年度(2年前期)'!$K$5)+1,0)&"" | G25: =VLOOKUP($C2,'2025年度(3年前期)'!$B$5:$N$208,COLUMN('2025年度(3年前期)'!$K$5)+1,0)&"" | I25: =VLOOKUP($C2,'2025年度(4年前期)'!$B$5:$N$208,COLUMN('2025年度(4年前期)'!$K$5)+1,0)&"" | K25: =VLOOKUP($C2,'2025年度(助産前期)'!$B$5:$N$208,COLUMN('2025年度(助産前期)'!$K$5)+1,0)&"" | M25: =VLOOKUP($C2,'2025年度(M1前期)'!$B$5:$N$208,COLUMN('2025年度(M1前期)'!$K$5)+1,0)&"" | O25: =VLOOKUP($C2,'2025年度(M2前期)'!$B$5:$N$208,COLUMN('2025年度(M2前期)'!$K$5)+1,0)&"" | Q25: =VLOOKUP($C2,'2025年度(D1前期)'!$B$5:$N$208,COLUMN('2025年度(D1前期)'!$K$5)+1,0)&"" | S25: =VLOOKUP($C2,'2025年度(D23前期)'!$B$5:$N$208,COLUMN('2025年度(D23前期)'!$K$5)+1,0)&"" | U25: M2栗原 | V25: 302教室
B26: 備 考 | C26: 非常勤講師控室A | U26: セミナールーム1
C27: =C2+1 -> 45779 | U27: =C27 -> 45779 | AA27: 101 | AB27: 102 | AC27: 103 | AD27: 在宅実習室 | AE27: 成人実習室 | AF27: 講堂 | AG27: 201 | AH27: 202 | AI27: 203 | AJ27: 204 | AK27: 205 | AL27: 基礎実習室 | AM27: 母性・小児実習室 | AN27: 演習21 | AO27: 演習22 | AP27: 演習23 | AQ27: 演習24 | AR27: 演習25 | AS27: 演習26 | AT27: 演習27 | AU27: 演習28 | AV27: 演習29 | AW27: 301 | AX27: 302 | AY27: 303 | AZ27: 304 | BA27: 臨床１ | BB27: 臨床２ | BC27: LL1 | BD27: LL2 | BE27: 実験室 | BF27: 情報処理室 | BG27: 演習31 | BH27: 演習32 | BI27: セミナー室１ | BJ27: セミナー室２ | BK27: 大講義室 | BL27: アリーナ | BM27: 多目的ルーム | BN27: 研修１ | BO27: 研修３ | BP27: 研修４ | BQ27: 研修５ | BR27: 研修６ | BS27: 研修７ | BT27: 視聴覚室
A28: １時限（09：20～10：50） | B28: 科目名 | C28: =VLOOKUP($C27,'2025年度(1年前期)'!$B$5:$N$208,COLUMN('2025年度(1年前期)'!$C$5),0)&"" -> 生命科学 | E28: =VLOOKUP($C27,'2025年度(2年前期)'!$B$5:$N$208,COLUMN('2025年度(2年前期)'!$C$5),0)&"" -> マスコミュニケーション論 | G28: =VLOOKUP($C27,'2025年度(3年前期)'!$B$5:$N$208,COLUMN('2025年度(3年前期)'!$C$5),0)&"" -> 精神看護援助論 | I28: =VLOOKUP($C27,'2025年度(4年前期)'!$B$5:$N$208,COLUMN('2025年度(4年前期)'!$C$5),0)&"" -> 高度先駆的医療看護Ⅰ(がん看護) | K28: =VLOOKUP($C27,'2025年度(助産前期)'!$B$5:$N$208,COLUMN('2025年度(助産前期)'!$C$5),0)&"" | M28: =VLOOKUP($C27,'2025年度(M1前期)'!$B$5:$N$208,COLUMN('2025年度(M1前期)'!$C$5),0)&"" -> 政策医療看護学特論Ⅰ | O28: =VLOOKUP($C27,'2025年度(M2前期)'!$B$5:$N$208,COLUMN('2025年度(M2前期)'!$C$5),0)&"" -> 看護情報・管理学演習Ａ－Ⅱ 感染管理看護学演習Ａ－Ⅱ | Q28: =VLOOKUP($C27,'2025年度(D1前期)'!$B$5:$N$208,COLUMN('2025年度(D1前期)'!$C$5),0)&"" -> 精神看護学特論Ｂ | S28: =VLOOKUP($C27,'2025年度(D23前期)'!$B$5:$N$208,COLUMN('2025年度(D23前期)'!$C$5),0)&"" -> 特別研究 | U28: 1限 | Z28: =A28 -> １時限（09：20～10：50） | AA28: 生命科学 | AG28: マスコミュニケーション論 | AW28: 精神看護援助論 | BA28: 政策医療看護学特論Ⅰ | BI28: D3坂口 | BK28: 感染症看護論
B29: 教 官 | C29: =IFERROR(VLOOKUP(C28,科目・教員!$A$1:$B$357,2,0),"") -> 本間 典子 | E29: =IFERROR(VLOOKUP(E28,科目・教員!$A$1:$B$357,2,0),"") -> 飯野 勝己 | G29: =IFERROR(VLOOKUP(G28,科目・教員!$A$1:$B$357,2,0),"") -> 松浦 佳代 | I29: =IFERROR(VLOOKUP(I28,科目・教員!$A$1:$B$357,2,0),"") -> 飯野 京子 | K29: =IFERROR(VLOOKUP(K28,科目・教員!$A$1:$B$357,2,0),"") | M29: =IFERROR(VLOOKUP(M28,科目・教員!$A$1:$B$357,2,0),"") -> 綿貫 成明 | O29: =IFERROR(VLOOKUP(O28,科目・教員!$A$1:$B$357,2,0),"") | Q29: =IFERROR(VLOOKUP(Q28,科目・教員!$A$1:$B$357,2,0),"") | S29: =IFERROR(VLOOKUP(S28,科目・教員!$A$1:$B$357,2,0),"") | U29: D3坂口
B30: 使用教室 | C30: =VLOOKUP($C27,'2025年度(1年前期)'!$B$5:$N$208,COLUMN('2025年度(1年前期)'!$C$5)+1,0)&"" -> 101 | E30: =VLOOKUP($C27,'2025年度(2年前期)'!$B$5:$N$208,COLUMN('2025年度(2年前期)'!$C$5)+1,0)&"" -> 201 | G30: =VLOOKUP($C27,'2025年度(3年前期)'!$B$5:$N$208,COLUMN('2025年度(3年前期)'!$C$5)+1,0)&"" -> 301 | I30: =VLOOKUP($C27,'2025年度(4年前期)'!$B$5:$N$208,COLUMN('2025年度(4年前期)'!$C$5)+1,0)&"" -> 大講義室 | K30: =VLOOKUP($C27,'2025年度(助産前期)'!$B$5:$N$208,COLUMN('2025年度(助産前期)'!$C$5)+1,0)&"" | M30: =VLOOKUP($C27,'2025年度(M1前期)'!$B$5:$N$208,COLUMN('2025年度(M1前期)'!C$5)+1,0)&"" -> 臨床講義室1 | O30: =VLOOKUP($C27,'2025年度(M2前期)'!$B$5:$N$208,COLUMN('2025年度(M2前期)'!$C$5)+1,0)&"" -> 情報:別途指定 感染:別途指定 | Q30: =VLOOKUP($C27,'2025年度(D1前期)'!$B$5:$N$208,COLUMN('2025年度(D1前期)'!$C$5)+1,0)&"" -> 別途指定 | S30: =VLOOKUP($C27,'2025年度(D23前期)'!$B$5:$N$208,COLUMN('2025年度(D23前期)'!$C$5)+1,0)&"" | U30: セミナールーム1
B31: 備 考 | E31: 非常勤講師控室C
A32: ２時限（11：00～12：30） | B32: 科目名 | C32: =VLOOKUP($C27,'2025年度(1年前期)'!$B$5:$N$208,COLUMN('2025年度(1年前期)'!$E$5),0)&"" -> 文学 | E32: =VLOOKUP($C27,'2025年度(2年前期)'!$B$5:$N$208,COLUMN('2025年度(2年前期)'!$E$5),0)&"" -> 成人看護援助論Ⅰ | G32: =VLOOKUP($C27,'2025年度(3年前期)'!$B$5:$N$208,COLUMN('2025年度(3年前期)'!$E$5),0)&"" -> 精神看護援助論 | I32: =VLOOKUP($C27,'2025年度(4年前期)'!$B$5:$N$208,COLUMN('2025年度(4年前期)'!$E$5),0)&"" -> 高度先駆的医療看護Ⅲ(精神看護) | K32: =VLOOKUP($C27,'2025年度(助産前期)'!$B$5:$N$208,COLUMN('2025年度(助産前期)'!$E$5),0)&"" | M32: =VLOOKUP($C27,'2025年度(M1前期)'!$B$5:$N$208,COLUMN('2025年度(M1前期)'!$E$5),0)&"" -> 政策医療看護学特論Ⅰ | O32: =VLOOKUP($C27,'2025年度(M2前期)'!$B$5:$N$208,COLUMN('2025年度(M2前期)'!$E$5),0)&"" -> 看護情報・管理学演習Ａ－Ⅱ 感染管理看護学演習Ａ－Ⅱ | Q32: =VLOOKUP($C27,'2025年度(D1前期)'!$B$5:$N$208,COLUMN('2025年度(D1前期)'!$E$5),0)&"" -> 精神看護学特論Ｂ | S32: =VLOOKUP($C27,'2025年度(D23前期)'!$B$5:$N$208,COLUMN('2025年度(D23前期)'!$E$5),0)&"" -> 特別研究 | U32: 2限 | Z32: =A32 -> ２時限（11：00～12：30） | AA32: 文学 | AG32: 成人看護援助論Ⅰ | AL32: 周産期看護 (準備) | AM32: 周産期看護 (準備) | AW32: 精神看護援助論 | BA32: 政策医療看護学特論Ⅰ | BK32: 高度先駆的医療看護Ⅲ(精神看護)
B33: 教 官 | C33: =IFERROR(VLOOKUP(C32,科目・教員!$A$1:$B$357,2,0),"") -> 佐藤 ゆかり | E33: =IFERROR(VLOOKUP(E32,科目・教員!$A$1:$B$357,2,0),"") -> 飯野 京子 | G33: =IFERROR(VLOOKUP(G32,科目・教員!$A$1:$B$357,2,0),"") -> 松浦 佳代 | I33: =IFERROR(VLOOKUP(I32,科目・教員!$A$1:$B$357,2,0),"") -> 森 真喜子 | K33: =IFERROR(VLOOKUP(K32,科目・教員!$A$1:$B$357,2,0),"") | M33: =IFERROR(VLOOKUP(M32,科目・教員!$A$1:$B$357,2,0),"") -> 綿貫 成明 | O33: =IFERROR(VLOOKUP(O32,科目・教員!$A$1:$B$357,2,0),"") | Q33: =IFERROR(VLOOKUP(Q32,科目・教員!$A$1:$B$357,2,0),"") | S33: =IFERROR(VLOOKUP(S32,科目・教員!$A$1:$B$357,2,0),"") | U33: 周産期看護授業準備
B34: 使用教室 | C34: =VLOOKUP($C27,'2025年度(1年前期)'!$B$5:$N$208,COLUMN('2025年度(1年前期)'!$E$5)+1,0)&"" -> 101 | E34: =VLOOKUP($C27,'2025年度(2年前期)'!$B$5:$N$208,COLUMN('2025年度(2年前期)'!$E$5)+1,0)&"" -> 201 | G34: =VLOOKUP($C27,'2025年度(3年前期)'!$B$5:$N$208,COLUMN('2025年度(3年前期)'!$E$5)+1,0)&"" -> 301 | I34: =VLOOKUP($C27,'2025年度(4年前期)'!$B$5:$N$208,COLUMN('2025年度(4年前期)'!$E$5)+1,0)&"" -> 大講義室 | K34: =VLOOKUP($C27,'2025年度(助産前期)'!$B$5:$N$208,COLUMN('2025年度(助産前期)'!$E$5)+1,0)&"" | M34: =VLOOKUP($C27,'2025年度(M1前期)'!$B$5:$N$208,COLUMN('2025年度(M1前期)'!$E$5)+1,0)&"" -> 臨床講義室1 | O34: =VLOOKUP($C27,'2025年度(M2前期)'!$B$5:$N$208,COLUMN('2025年度(M2前期)'!$E$5)+1,0)&"" -> 情報:別途指定 感染:別途指定 | Q34: =VLOOKUP($C27,'2025年度(D1前期)'!$B$5:$N$208,COLUMN('2025年度(D1前期)'!$E$5)+1,0)&"" -> 別途指定 | S34: =VLOOKUP($C27,'2025年度(D23前期)'!$B$5:$N$208,COLUMN('2025年度(D23前期)'!$E$5)+1,0)&"" | U34: 基礎実･母小実
B35: 備 考 | C35: 非常勤講師控室A | U35: 日置先生
A36: 昼休み（12：30～13：30） | B36: 活動名 | Z36: =A36 -> 昼休み（12：30～13：30）
B37: 責任者
B38: 使用教室
B39: 備 考
A40: ３時限（13：30～15：00） | B40: 科目名 | C40: =VLOOKUP($C27,'2025年度(1年前期)'!$B$5:$N$208,COLUMN('2025年度(1年前期)'!$G$5),0)&"" -> 環境と健康 | E40: =VLOOKUP($C27,'2025年度(2年前期)'!$B$5:$N$208,COLUMN('2025年度(2年前期)'!$G$5),0)&"" -> 生活援助論Ⅲ | G40: =VLOOKUP($C27,'2025年度(3年前期)'!$B$5:$N$208,COLUMN('2025年度(3年前期)'!$G$5),0)&"" -> 周産期看護 | I40: =VLOOKUP($C27,'2025年度(4年前期)'!$B$5:$N$208,COLUMN('2025年度(4年前期)'!$G$5),0)&"" -> 高度先駆的医療看護Ⅴ(長寿･地域看護) | K40: =VLOOKUP($C27,'2025年度(助産前期)'!$B$5:$N$208,COLUMN('2025年度(助産前期)'!$G$5),0)&"" | M40: =VLOOKUP($C27,'2025年度(M1前期)'!$B$5:$N$208,COLUMN('2025年度(M1前期)'!$G$5),0)&"" -> 看護研究法 | O40: =VLOOKUP($C27,'2025年度(M2前期)'!$B$5:$N$208,COLUMN('2025年度(M2前期)'!$G$5),0)&"" -> 特別研究 | Q40: =VLOOKUP($C27,'2025年度(D1前期)'!$B$5:$N$208,COLUMN('2025年度(D1前期)'!$G$5),0)&"" | S40: =VLOOKUP($C27,'2025年度(D23前期)'!$B$5:$N$208,COLUMN('2025年度(D23前期)'!$G$5),0)&"" -> 特別研究 | Z40: =A40 -> ３時限（13：30～15：00） | AA40: 環境と健康 | AG40: 生活援助論Ⅲ | AL40: 周産期看護 | AM40: 周産期看護 | AW40: 周産期看護 | BA40: 看護研究法 | BF40: M2山内 | BK40: 高度先駆的医療看護Ⅴ(長寿･地域看護)
B41: 教 官 | C41: =IFERROR(VLOOKUP(C40,科目・教員!$A$1:$B$357,2,0),"") -> 夏原 和美 | E41: =IFERROR(VLOOKUP(E40,科目・教員!$A$1:$B$357,2,0),"") -> 矢富 有見子 | G41: =IFERROR(VLOOKUP(G40,科目・教員!$A$1:$B$357,2,0),"") -> 日置 智華子 | I41: =IFERROR(VLOOKUP(I40,科目・教員!$A$1:$B$357,2,0),"") -> 綿貫 成明 | K41: =IFERROR(VLOOKUP(K40,科目・教員!$A$1:$B$357,2,0),"") | M41: =IFERROR(VLOOKUP(M40,科目・教員!$A$1:$B$357,2,0),"") -> 萱間 真美 | O41: =IFERROR(VLOOKUP(O40,科目・教員!$A$1:$B$357,2,0),"") | Q41: =IFERROR(VLOOKUP(Q40,科目・教員!$A$1:$B$357,2,0),"") | S41: =IFERROR(VLOOKUP(S40,科目・教員!$A$1:$B$357,2,0),"")
B42: 使用教室 | C42: =VLOOKUP($C27,'2025年度(1年前期)'!$B$5:$N$208,COLUMN('2025年度(1年前期)'!$G$5)+1,0)&"" -> 101 | E42: =VLOOKUP($C27,'2025年度(2年前期)'!$B$5:$N$208,COLUMN('2025年度(2年前期)'!$G$5)+1,0)&"" -> 201 | G42: =VLOOKUP($C27,'2025年度(3年前期)'!$B$5:$N$208,COLUMN('2025年度(3年前期)'!$G$5)+1,0)&"" -> 301･基礎実･母小実 | I42: =VLOOKUP($C27,'2025年度(4年前期)'!$B$5:$N$208,COLUMN('2025年度(4年前期)'!$G$5)+1,0)&"" -> 大講義室 | K42: =VLOOKUP($C27,'2025年度(助産前期)'!$B$5:$N$208,COLUMN('2025年度(助産前期)'!$G$5)+1,0)&"" | M42: =VLOOKUP($C27,'2025年度(M1前期)'!$B$5:$N$208,COLUMN('2025年度(M1前期)'!$G$5)+1,0)&"" -> 臨床講義室1 | O42: =VLOOKUP($C27,'2025年度(M2前期)'!$B$5:$N$208,COLUMN('2025年度(M2前期)'!$G$5)+1,0)&"" | Q42: =VLOOKUP($C27,'2025年度(D1前期)'!$B$5:$N$208,COLUMN('2025年度(D1前期)'!$G$5)+1,0)&"" | S42: =VLOOKUP($C27,'2025年度(D23前期)'!$B$5:$N$208,COLUMN('2025年度(D23前期)'!$G$5)+1,0)&""
B43: 備 考 | C43: 非常勤講師控室B
A44: ４時限（15：10～16：40） | B44: 科目名 | C44: =VLOOKUP($C27,'2025年度(1年前期)'!$B$5:$N$208,COLUMN('2025年度(1年前期)'!$I$5),0)&"" -> 環境と健康 | E44: =VLOOKUP($C27,'2025年度(2年前期)'!$B$5:$N$208,COLUMN('2025年度(2年前期)'!$I$5),0)&"" -> 英語Ⅳ(AB) | G44: =VLOOKUP($C27,'2025年度(3年前期)'!$B$5:$N$208,COLUMN('2025年度(3年前期)'!$I$5),0)&"" -> 周産期看護 | I44: =VLOOKUP($C27,'2025年度(4年前期)'!$B$5:$N$208,COLUMN('2025年度(4年前期)'!$I$5),0)&"" -> 高度先駆的医療看護Ⅴ(長寿･地域看護) | K44: =VLOOKUP($C27,'2025年度(助産前期)'!$B$5:$N$208,COLUMN('2025年度(助産前期)'!$I$5),0)&"" | M44: =VLOOKUP($C27,'2025年度(M1前期)'!$B$5:$N$208,COLUMN('2025年度(M1前期)'!$I$5),0)&"" -> 看護研究法 | O44: =VLOOKUP($C27,'2025年度(M2前期)'!$B$5:$N$208,COLUMN('2025年度(M2前期)'!$I$5),0)&"" -> 特別研究 | Q44: =VLOOKUP($C27,'2025年度(D1前期)'!$B$5:$N$208,COLUMN('2025年度(D1前期)'!$I$5),0)&"" | S44: =VLOOKUP($C27,'2025年度(D23前期)'!$B$5:$N$208,COLUMN('2025年度(D23前期)'!$I$5),0)&"" -> 特別研究 | Y44: バスケサークル | Z44: =A44 -> ４時限（15：10～16：40） | AA44: 環境と健康 | AG44: 英語Ⅳ(AB) | AL44: 周産期看護 | AM44: 周産期看護 | AW44: 周産期看護 | BA44: 看護研究法 | BK44: 高度先駆的医療看護Ⅴ(長寿･地域看護) | BL44: バスケサークル
B45: 教 官 | C45: =IFERROR(VLOOKUP(C44,科目・教員!$A$1:$B$357,2,0),"") -> 夏原 和美 | E45: =IFERROR(VLOOKUP(E44,科目・教員!$A$1:$B$357,2,0),"") -> ｽﾃｨｰﾌﾞﾝ･ﾗｯｾﾙ | G45: =IFERROR(VLOOKUP(G44,科目・教員!$A$1:$B$357,2,0),"") -> 日置 智華子 | I45: =IFERROR(VLOOKUP(I44,科目・教員!$A$1:$B$357,2,0),"") -> 綿貫 成明 | K45: =IFERROR(VLOOKUP(K44,科目・教員!$A$1:$B$357,2,0),"") | M45: =IFERROR(VLOOKUP(M44,科目・教員!$A$1:$B$357,2,0),"") -> 萱間 真美 | O45: =IFERROR(VLOOKUP(O44,科目・教員!$A$1:$B$357,2,0),"") | Q45: =IFERROR(VLOOKUP(Q44,科目・教員!$A$1:$B$357,2,0),"") | S45: =IFERROR(VLOOKUP(S44,科目・教員!$A$1:$B$357,2,0),"") | Y45: アリーナ
B46: 使用教室 | C46: =VLOOKUP($C27,'2025年度(1年前期)'!$B$5:$N$208,COLUMN('2025年度(1年前期)'!$I$5)+1,0)&"" -> 101 | E46: =VLOOKUP($C27,'2025年度(2年前期)'!$B$5:$N$208,COLUMN('2025年度(2年前期)'!$I$5)+1,0)&"" -> 201 | G46: =VLOOKUP($C27,'2025年度(3年前期)'!$B$5:$N$208,COLUMN('2025年度(3年前期)'!$I$5)+1,0)&"" -> 301･基礎実･母小実 | I46: =VLOOKUP($C27,'2025年度(4年前期)'!$B$5:$N$208,COLUMN('2025年度(4年前期)'!$I$5)+1,0)&"" -> 大講義室 | K46: =VLOOKUP($C27,'2025年度(助産前期)'!$B$5:$N$208,COLUMN('2025年度(助産前期)'!$I$5)+1,0)&"" | M46: =VLOOKUP($C27,'2025年度(M1前期)'!$B$5:$N$208,COLUMN('2025年度(M1前期)'!$I$5)+1,0)&"" -> 臨床講義室1 | O46: =VLOOKUP($C27,'2025年度(M2前期)'!$B$5:$N$208,COLUMN('2025年度(M2前期)'!$I$5)+1,0)&"" | Q46: =VLOOKUP($C27,'2025年度(D1前期)'!$B$5:$N$208,COLUMN('2025年度(D1前期)'!$I$5)+1,0)&"" | S46: =VLOOKUP($C27,'2025年度(D23前期)'!$B$5:$N$208,COLUMN('2025年度(D23前期)'!$I$5)+1,0)&"" | Y46: 15：00～20：00
B47: 備 考 | C47: 非常勤講師控室B
A48: ５時限（16：50～18：20） | B48: 科目名 | C48: =VLOOKUP($C27,'2025年度(1年前期)'!$B$5:$N$208,COLUMN('2025年度(1年前期)'!$K$5),0)&"" | E48: =VLOOKUP($C27,'2025年度(2年前期)'!$B$5:$N$208,COLUMN('2025年度(2年前期)'!$K$5),0)&"" | G48: =VLOOKUP($C27,'2025年度(3年前期)'!$B$5:$N$208,COLUMN('2025年度(3年前期)'!$K$5),0)&"" | I48: =VLOOKUP($C27,'2025年度(4年前期)'!$B$5:$N$208,COLUMN('2025年度(4年前期)'!$K$5),0)&"" | K48: =VLOOKUP($C27,'2025年度(助産前期)'!$B$5:$N$208,COLUMN('2025年度(助産前期)'!$K$5),0)&"" | M48: =VLOOKUP($C27,'2025年度(M1前期)'!$B$5:$N$208,COLUMN('2025年度(M1前期)'!$K$5),0)&"" | O48: =VLOOKUP($C27,'2025年度(M2前期)'!$B$5:$N$208,COLUMN('2025年度(M2前期)'!$K$5),0)&"" | Q48: =VLOOKUP($C27,'2025年度(D1前期)'!$B$5:$N$208,COLUMN('2025年度(D1前期)'!$K$5),0)&"" | S48: =VLOOKUP($C27,'2025年度(D23前期)'!$B$5:$N$208,COLUMN('2025年度(D23前期)'!$K$5),0)&"" | U48: 5限 | V48: 5限 | Z48: =A48 -> ５時限（16：50～18：20） | AG48: GTEC試験準備 | BJ48: M1中川 | BL48: バスケサークル
B49: 教 官 | C49: =IFERROR(VLOOKUP(C48,科目・教員!$A$1:$B$357,2,0),"") | E49: =IFERROR(VLOOKUP(E48,科目・教員!$A$1:$B$357,2,0),"") | G49: =IFERROR(VLOOKUP(G48,科目・教員!$A$1:$B$357,2,0),"") | I49: =IFERROR(VLOOKUP(I48,科目・教員!$A$1:$B$357,2,0),"") | K49: =IFERROR(VLOOKUP(K48,科目・教員!$A$1:$B$357,2,0),"") | M49: =IFERROR(VLOOKUP(M48,科目・教員!$A$1:$B$357,2,0),"") | O49: =IFERROR(VLOOKUP(O48,科目・教員!$A$1:$B$357,2,0),"") | Q49: =IFERROR(VLOOKUP(Q48,科目・教員!$A$1:$B$357,2,0),"") | S49: =IFERROR(VLOOKUP(S48,科目・教員!$A$1:$B$357,2,0),"") | U49: 長寿看護学個人ゼミ | V49: GTEC試験準備
B50: 使用教室 | C50: =VLOOKUP($C27,'2025年度(1年前期)'!$B$5:$N$208,COLUMN('2025年度(1年前期)'!$K$5)+1,0)&"" | E50: =VLOOKUP($C27,'2025年度(2年前期)'!$B$5:$N$208,COLUMN('2025年度(2年前期)'!$K$5)+1,0)&"" | G50: =VLOOKUP($C27,'2025年度(3年前期)'!$B$5:$N$208,COLUMN('2025年度(3年前期)'!$K$5)+1,0)&"" | I50: =VLOOKUP($C27,'2025年度(4年前期)'!$B$5:$N$208,COLUMN('2025年度(4年前期)'!$K$5)+1,0)&"" | K50: =VLOOKUP($C27,'2025年度(助産前期)'!$B$5:$N$208,COLUMN('2025年度(助産前期)'!$K$5)+1,0)&"" | M50: =VLOOKUP($C27,'2025年度(M1前期)'!$B$5:$N$208,COLUMN('2025年度(M1前期)'!$K$5)+1,0)&"" | O50: =VLOOKUP($C27,'2025年度(M2前期)'!$B$5:$N$208,COLUMN('2025年度(M2前期)'!$K$5)+1,0)&"" | Q50: =VLOOKUP($C27,'2025年度(D1前期)'!$B$5:$N$208,COLUMN('2025年度(D1前期)'!$K$5)+1,0)&"" | S50: =VLOOKUP($C27,'2025年度(D23前期)'!$B$5:$N$208,COLUMN('2025年度(D23前期)'!$K$5)+1,0)&"" | U50: セミナールーム2 | V50: ２０1教室
B51: 備 考 | U51: M1中川 | V51: 教務係 杉江
C52: =C27+1 -> 45780 | U52: =C52 -> 45780 | AA52: 101 | AB52: 102 | AC52: 103 | AD52: 在宅実習室 | AE52: 成人実習室 | AF52: 講堂 | AG52: 201 | AH52: 202 | AI52: 203 | AJ52: 204 | AK52: 205 | AL52: 基礎実習室 | AM52: 母性・小児実習室 | AN52: 演習21 | AO52: 演習22 | AP52: 演習23 | AQ52: 演習24 | AR52: 演習25 | AS52: 演習26 | AT52: 演習27 | AU52: 演習28 | AV52: 演習29 | AW52: 301 | AX52: 302 | AY52: 303 | AZ52: 304 | BA52: 臨床１ | BB52: 臨床２ | BC52: LL1 | BD52: LL2 | BE52: 実験室 | BF52: 情報処理室 | BG52: 演習31 | BH52: 演習32 | BI52: セミナー室１ | BJ52: セミナー室２ | BK52: 大講義室 | BL52: アリーナ | BM52: 多目的ルーム | BN52: 研修１ | BO52: 研修３ | BP52: 研修４ | BQ52: 研修５ | BR52: 研修６ | BS52: 研修７ | BT52: 視聴覚室
A53: １時限（09：20～10：50） | B53: 科目名 | C53: =VLOOKUP($C52,'2025年度(1年前期)'!$B$5:$N$208,COLUMN('2025年度(1年前期)'!$C$5),0)&"" | E53: =VLOOKUP($C52,'2025年度(2年前期)'!$B$5:$N$208,COLUMN('2025年度(2年前期)'!$C$5),0)&"" | G53: =VLOOKUP($C52,'2025年度(3年前期)'!$B$5:$N$208,COLUMN('2025年度(3年前期)'!$C$5),0)&"" | I53: =VLOOKUP($C52,'2025年度(4年前期)'!$B$5:$N$208,COLUMN('2025年度(4年前期)'!$C$5),0)&"" | K53: =VLOOKUP($C52,'2025年度(助産前期)'!$B$5:$N$208,COLUMN('2025年度(助産前期)'!$C$5),0)&"" | M53: =VLOOKUP($C52,'2025年度(M1前期)'!$B$5:$N$208,COLUMN('2025年度(M1前期)'!$C$5),0)&"" | O53: =VLOOKUP($C52,'2025年度(M2前期)'!$B$5:$N$208,COLUMN('2025年度(M2前期)'!$C$5),0)&"" | Q53: =VLOOKUP($C52,'2025年度(D1前期)'!$B$5:$N$208,COLUMN('2025年度(D1前期)'!$C$5),0)&"" | S53: =VLOOKUP($C52,'2025年度(D23前期)'!$B$5:$N$208,COLUMN('2025年度(D23前期)'!$C$5),0)&"" | U53: 終日 | Z53: =A53 -> １時限（09：20～10：50）
B54: 教 官 | C54: =IFERROR(VLOOKUP(C53,科目・教員!$A$1:$B$357,2,0),"") | E54: =IFERROR(VLOOKUP(E53,科目・教員!$A$1:$B$357,2,0),"") | G54: =IFERROR(VLOOKUP(G53,科目・教員!$A$1:$B$357,2,0),"") | I54: =IFERROR(VLOOKUP(I53,科目・教員!$A$1:$B$357,2,0),"") | K54: =IFERROR(VLOOKUP(K53,科目・教員!$A$1:$B$357,2,0),"") | M54: =IFERROR(VLOOKUP(M53,科目・教員!$A$1:$B$357,2,0),"") | O54: =IFERROR(VLOOKUP(O53,科目・教員!$A$1:$B$357,2,0),"") | Q54: =IFERROR(VLOOKUP(Q53,科目・教員!$A$1:$B$357,2,0),"") | S54: =IFERROR(VLOOKUP(S53,科目・教員!$A$1:$B$357,2,0),"") | U54: 照明工事
B55: 使用教室 | C55: =VLOOKUP($C52,'2025年度(1年前期)'!$B$5:$N$208,COLUMN('2025年度(1年前期)'!$C$5)+1,0)&"" | E55: =VLOOKUP($C52,'2025年度(2年前期)'!$B$5:$N$208,COLUMN('2025年度(2年前期)'!$C$5)+1,0)&"" | G55: =VLOOKUP($C52,'2025年度(3年前期)'!$B$5:$N$208,COLUMN('2025年度(3年前期)'!$C$5)+1,0)&"" | I55: =VLOOKUP($C52,'2025年度(4年前期)'!$B$5:$N$208,COLUMN('2025年度(4年前期)'!$C$5)+1,0)&"" | K55: =VLOOKUP($C52,'2025年度(助産前期)'!$B$5:$N$208,COLUMN('2025年度(助産前期)'!$C$5)+1,0)&"" | M55: =VLOOKUP($C52,'2025年度(M1前期)'!$B$5:$N$208,COLUMN('2025年度(M1前期)'!C$5)+1,0)&"" | O55: =VLOOKUP($C52,'2025年度(M2前期)'!$B$5:$N$208,COLUMN('2025年度(M2前期)'!$C$5)+1,0)&"" | Q55: =VLOOKUP($C52,'2025年度(D1前期)'!$B$5:$N$208,COLUMN('2025年度(D1前期)'!$C$5)+1,0)&"" | S55: =VLOOKUP($C52,'2025年度(D23前期)'!$B$5:$N$208,COLUMN('2025年度(D23前期)'!$C$5)+1,0)&"" | U55: 本館棟全体
B56: 備 考 | U56: 江田係長
A57: ２時限（11：00～12：30） | B57: 科目名 | C57: =VLOOKUP($C52,'2025年度(1年前期)'!$B$5:$N$208,COLUMN('2025年度(1年前期)'!$E$5),0)&"" | E57: =VLOOKUP($C52,'2025年度(2年前期)'!$B$5:$N$208,COLUMN('2025年度(2年前期)'!$E$5),0)&"" | G57: =VLOOKUP($C52,'2025年度(3年前期)'!$B$5:$N$208,COLUMN('2025年度(3年前期)'!$E$5),0)&"" | I57: =VLOOKUP($C52,'2025年度(4年前期)'!$B$5:$N$208,COLUMN('2025年度(4年前期)'!$E$5),0)&"" | K57: =VLOOKUP($C52,'2025年度(助産前期)'!$B$5:$N$208,COLUMN('2025年度(助産前期)'!$E$5),0)&"" | M57: =VLOOKUP($C52,'2025年度(M1前期)'!$B$5:$N$208,COLUMN('2025年度(M1前期)'!$E$5),0)&"" | O57: =VLOOKUP($C52,'2025年度(M2前期)'!$B$5:$N$208,COLUMN('2025年度(M2前期)'!$E$5),0)&"" | Q57: =VLOOKUP($C52,'2025年度(D1前期)'!$B$5:$N$208,COLUMN('2025年度(D1前期)'!$E$5),0)&"" | S57: =VLOOKUP($C52,'2025年度(D23前期)'!$B$5:$N$208,COLUMN('2025年度(D23前期)'!$E$5),0)&"" | Z57: =A57 -> ２時限（11：00～12：30）
B58: 教 官 | C58: =IFERROR(VLOOKUP(C57,科目・教員!$A$1:$B$357,2,0),"") | E58: =IFERROR(VLOOKUP(E57,科目・教員!$A$1:$B$357,2,0),"") | G58: =IFERROR(VLOOKUP(G57,科目・教員!$A$1:$B$357,2,0),"") | I58: =IFERROR(VLOOKUP(I57,科目・教員!$A$1:$B$357,2,0),"") | K58: =IFERROR(VLOOKUP(K57,科目・教員!$A$1:$B$357,2,0),"") | M58: =IFERROR(VLOOKUP(M57,科目・教員!$A$1:$B$357,2,0),"") | O58: =IFERROR(VLOOKUP(O57,科目・教員!$A$1:$B$357,2,0),"") | Q58: =IFERROR(VLOOKUP(Q57,科目・教員!$A$1:$B$357,2,0),"") | S58: =IFERROR(VLOOKUP(S57,科目・教員!$A$1:$B$357,2,0),"")
B59: 使用教室 | C59: =VLOOKUP($C52,'2025年度(1年前期)'!$B$5:$N$208,COLUMN('2025年度(1年前期)'!$E$5)+1,0)&"" | E59: =VLOOKUP($C52,'2025年度(2年前期)'!$B$5:$N$208,COLUMN('2025年度(2年前期)'!$E$5)+1,0)&"" | G59: =VLOOKUP($C52,'2025年度(3年前期)'!$B$5:$N$208,COLUMN('2025年度(3年前期)'!$E$5)+1,0)&"" | I59: =VLOOKUP($C52,'2025年度(4年前期)'!$B$5:$N$208,COLUMN('2025年度(4年前期)'!$E$5)+1,0)&"" | K59: =VLOOKUP($C52,'2025年度(助産前期)'!$B$5:$N$208,COLUMN('2025年度(助産前期)'!$E$5)+1,0)&"" | M59: =VLOOKUP($C52,'2025年度(M1前期)'!$B$5:$N$208,COLUMN('2025年度(M1前期)'!$E$5)+1,0)&"" | O59: =VLOOKUP($C52,'2025年度(M2前期)'!$B$5:$N$208,COLUMN('2025年度(M2前期)'!$E$5)+1,0)&"" | Q59: =VLOOKUP($C52,'2025年度(D1前期)'!$B$5:$N$208,COLUMN('2025年度(D1前期)'!$E$5)+1,0)&"" | S59: =VLOOKUP($C52,'2025年度(D23前期)'!$B$5:$N$208,COLUMN('2025年度(D23前期)'!$E$5)+1,0)&""
B60: 備 考
A61: 昼休み（12：30～13：30） | B61: 活動名 | Z61: =A61 -> 昼休み（12：30～13：30）
B62: 責任者
B63: 使用教室
B64: 備 考
A65: ３時限（13：30～15：00） | B65: 科目名 | C65: =VLOOKUP($C52,'2025年度(1年前期)'!$B$5:$N$208,COLUMN('2025年度(1年前期)'!$G$5),0)&"" | E65: =VLOOKUP($C52,'2025年度(2年前期)'!$B$5:$N$208,COLUMN('2025年度(2年前期)'!$G$5),0)&"" | G65: =VLOOKUP($C52,'2025年度(3年前期)'!$B$5:$N$208,COLUMN('2025年度(3年前期)'!$G$5),0)&"" | I65: =VLOOKUP($C52,'2025年度(4年前期)'!$B$5:$N$208,COLUMN('2025年度(4年前期)'!$G$5),0)&"" | K65: =VLOOKUP($C52,'2025年度(助産前期)'!$B$5:$N$208,COLUMN('2025年度(助産前期)'!$G$5),0)&"" | M65: =VLOOKUP($C52,'2025年度(M1前期)'!$B$5:$N$208,COLUMN('2025年度(M1前期)'!$G$5),0)&"" | O65: =VLOOKUP($C52,'2025年度(M2前期)'!$B$5:$N$208,COLUMN('2025年度(M2前期)'!$G$5),0)&"" | Q65: =VLOOKUP($C52,'2025年度(D1前期)'!$B$5:$N$208,COLUMN('2025年度(D1前期)'!$G$5),0)&"" | S65: =VLOOKUP($C52,'2025年度(D23前期)'!$B$5:$N$208,COLUMN('2025年度(D23前期)'!$G$5),0)&"" | Z65: =A65 -> ３時限（13：30～15：00）
B66: 教 官 | C66: =IFERROR(VLOOKUP(C65,科目・教員!$A$1:$B$357,2,0),"") | E66: =IFERROR(VLOOKUP(E65,科目・教員!$A$1:$B$357,2,0),"") | G66: =IFERROR(VLOOKUP(G65,科目・教員!$A$1:$B$357,2,0),"") | I66: =IFERROR(VLOOKUP(I65,科目・教員!$A$1:$B$357,2,0),"") | K66: =IFERROR(VLOOKUP(K65,科目・教員!$A$1:$B$357,2,0),"") | M66: =IFERROR(VLOOKUP(M65,科目・教員!$A$1:$B$357,2,0),"") | O66: =IFERROR(VLOOKUP(O65,科目・教員!$A$1:$B$357,2,0),"") | Q66: =IFERROR(VLOOKUP(Q65,科目・教員!$A$1:$B$357,2,0),"") | S66: =IFERROR(VLOOKUP(S65,科目・教員!$A$1:$B$357,2,0),"")
B67: 使用教室 | C67: =VLOOKUP($C52,'2025年度(1年前期)'!$B$5:$N$208,COLUMN('2025年度(1年前期)'!$G$5)+1,0)&"" | E67: =VLOOKUP($C52,'2025年度(2年前期)'!$B$5:$N$208,COLUMN('2025年度(2年前期)'!$G$5)+1,0)&"" | G67: =VLOOKUP($C52,'2025年度(3年前期)'!$B$5:$N$208,COLUMN('2025年度(3年前期)'!$G$5)+1,0)&"" | I67: =VLOOKUP($C52,'2025年度(4年前期)'!$B$5:$N$208,COLUMN('2025年度(4年前期)'!$G$5)+1,0)&"" | K67: =VLOOKUP($C52,'2025年度(助産前期)'!$B$5:$N$208,COLUMN('2025年度(助産前期)'!$G$5)+1,0)&"" | M67: =VLOOKUP($C52,'2025年度(M1前期)'!$B$5:$N$208,COLUMN('2025年度(M1前期)'!$G$5)+1,0)&"" | O67: =VLOOKUP($C52,'2025年度(M2前期)'!$B$5:$N$208,COLUMN('2025年度(M2前期)'!$G$5)+1,0)&"" | Q67: =VLOOKUP($C52,'2025年度(D1前期)'!$B$5:$N$208,COLUMN('2025年度(D1前期)'!$G$5)+1,0)&"" | S67: =VLOOKUP($C52,'2025年度(D23前期)'!$B$5:$N$208,COLUMN('2025年度(D23前期)'!$G$5)+1,0)&""
B68: 備 考
A69: ４時限（15：10～16：40） | B69: 科目名 | C69: =VLOOKUP($C52,'2025年度(1年前期)'!$B$5:$N$208,COLUMN('2025年度(1年前期)'!$I$5),0)&"" | E69: =VLOOKUP($C52,'2025年度(2年前期)'!$B$5:$N$208,COLUMN('2025年度(2年前期)'!$I$5),0)&"" | G69: =VLOOKUP($C52,'2025年度(3年前期)'!$B$5:$N$208,COLUMN('2025年度(3年前期)'!$I$5),0)&"" | I69: =VLOOKUP($C52,'2025年度(4年前期)'!$B$5:$N$208,COLUMN('2025年度(4年前期)'!$I$5),0)&"" | K69: =VLOOKUP($C52,'2025年度(助産前期)'!$B$5:$N$208,COLUMN('2025年度(助産前期)'!$I$5),0)&"" | M69: =VLOOKUP($C52,'2025年度(M1前期)'!$B$5:$N$208,COLUMN('2025年度(M1前期)'!$I$5),0)&"" | O69: =VLOOKUP($C52,'2025年度(M2前期)'!$B$5:$N$208,COLUMN('2025年度(M2前期)'!$I$5),0)&"" | Q69: =VLOOKUP($C52,'2025年度(D1前期)'!$B$5:$N$208,COLUMN('2025年度(D1前期)'!$I$5),0)&"" | S69: =VLOOKUP($C52,'2025年度(D23前期)'!$B$5:$N$208,COLUMN('2025年度(D23前期)'!$I$5),0)&"" | Z69: =A69 -> ４時限（15：10～16：40）
B70: 教 官 | C70: =IFERROR(VLOOKUP(C69,科目・教員!$A$1:$B$357,2,0),"") | E70: =IFERROR(VLOOKUP(E69,科目・教員!$A$1:$B$357,2,0),"") | G70: =IFERROR(VLOOKUP(G69,科目・教員!$A$1:$B$357,2,0),"") | I70: =IFERROR(VLOOKUP(I69,科目・教員!$A$1:$B$357,2,0),"") | K70: =IFERROR(VLOOKUP(K69,科目・教員!$A$1:$B$357,2,0),"") | M70: =IFERROR(VLOOKUP(M69,科目・教員!$A$1:$B$357,2,0),"") | O70: =IFERROR(VLOOKUP(O69,科目・教員!$A$1:$B$357,2,0),"") | Q70: =IFERROR(VLOOKUP(Q69,科目・教員!$A$1:$B$357,2,0),"") | S70: =IFERROR(VLOOKUP(S69,科目・教員!$A$1:$B$357,2,0),"")
B71: 使用教室 | C71: =VLOOKUP($C52,'2025年度(1年前期)'!$B$5:$N$208,COLUMN('2025年度(1年前期)'!$I$5)+1,0)&"" | E71: =VLOOKUP($C52,'2025年度(2年前期)'!$B$5:$N$208,COLUMN('2025年度(2年前期)'!$I$5)+1,0)&"" | G71: =VLOOKUP($C52,'2025年度(3年前期)'!$B$5:$N$208,COLUMN('2025年度(3年前期)'!$I$5)+1,0)&"" | I71: =VLOOKUP($C52,'2025年度(4年前期)'!$B$5:$N$208,COLUMN('2025年度(4年前期)'!$I$5)+1,0)&"" | K71: =VLOOKUP($C52,'2025年度(助産前期)'!$B$5:$N$208,COLUMN('2025年度(助産前期)'!$I$5)+1,0)&"" | M71: =VLOOKUP($C52,'2025年度(M1前期)'!$B$5:$N$208,COLUMN('2025年度(M1前期)'!$I$5)+1,0)&"" | O71: =VLOOKUP($C52,'2025年度(M2前期)'!$B$5:$N$208,COLUMN('2025年度(M2前期)'!$I$5)+1,0)&"" | Q71: =VLOOKUP($C52,'2025年度(D1前期)'!$B$5:$N$208,COLUMN('2025年度(D1前期)'!$I$5)+1,0)&"" | S71: =VLOOKUP($C52,'2025年度(D23前期)'!$B$5:$N$208,COLUMN('2025年度(D23前期)'!$I$5)+1,0)&""
B72: 備 考
A73: ５時限（16：50～18：20） | B73: 科目名 | C73: =VLOOKUP($C52,'2025年度(1年前期)'!$B$5:$N$208,COLUMN('2025年度(1年前期)'!$K$5),0)&"" | E73: =VLOOKUP($C52,'2025年度(2年前期)'!$B$5:$N$208,COLUMN('2025年度(2年前期)'!$K$5),0)&"" | G73: =VLOOKUP($C52,'2025年度(3年前期)'!$B$5:$N$208,COLUMN('2025年度(3年前期)'!$K$5),0)&"" | I73: =VLOOKUP($C52,'2025年度(4年前期)'!$B$5:$N$208,COLUMN('2025年度(4年前期)'!$K$5),0)&"" | K73: =VLOOKUP($C52,'2025年度(助産前期)'!$B$5:$N$208,COLUMN('2025年度(助産前期)'!$K$5),0)&"" | M73: =VLOOKUP($C52,'2025年度(M1前期)'!$B$5:$N$208,COLUMN('2025年度(M1前期)'!$K$5),0)&"" | O73: =VLOOKUP($C52,'2025年度(M2前期)'!$B$5:$N$208,COLUMN('2025年度(M2前期)'!$K$5),0)&"" | Q73: =VLOOKUP($C52,'2025年度(D1前期)'!$B$5:$N$208,COLUMN('2025年度(D1前期)'!$K$5),0)&"" | S73: =VLOOKUP($C52,'2025年度(D23前期)'!$B$5:$N$208,COLUMN('2025年度(D23前期)'!$K$5),0)&"" | Z73: =A73 -> ５時限（16：50～18：20）
B74: 教 官 | C74: =IFERROR(VLOOKUP(C73,科目・教員!$A$1:$B$357,2,0),"") | E74: =IFERROR(VLOOKUP(E73,科目・教員!$A$1:$B$357,2,0),"") | G74: =IFERROR(VLOOKUP(G73,科目・教員!$A$1:$B$357,2,0),"") | I74: =IFERROR(VLOOKUP(I73,科目・教員!$A$1:$B$357,2,0),"") | K74: =IFERROR(VLOOKUP(K73,科目・教員!$A$1:$B$357,2,0),"") | M74: =IFERROR(VLOOKUP(M73,科目・教員!$A$1:$B$357,2,0),"") | O74: =IFERROR(VLOOKUP(O73,科目・教員!$A$1:$B$357,2,0),"") | Q74: =IFERROR(VLOOKUP(Q73,科目・教員!$A$1:$B$357,2,0),"") | S74: =IFERROR(VLOOKUP(S73,科目・教員!$A$1:$B$357,2,0),"")
B75: 使用教室 | C75: =VLOOKUP($C52,'2025年度(1年前期)'!$B$5:$N$208,COLUMN('2025年度(1年前期)'!$K$5)+1,0)&"" | E75: =VLOOKUP($C52,'2025年度(2年前期)'!$B$5:$N$208,COLUMN('2025年度(2年前期)'!$K$5)+1,0)&"" | G75: =VLOOKUP($C52,'2025年度(3年前期)'!$B$5:$N$208,COLUMN('2025年度(3年前期)'!$K$5)+1,0)&"" | I75: =VLOOKUP($C52,'2025年度(4年前期)'!$B$5:$N$208,COLUMN('2025年度(4年前期)'!$K$5)+1,0)&"" | K75: =VLOOKUP($C52,'2025年度(助産前期)'!$B$5:$N$208,COLUMN('2025年度(助産前期)'!$K$5)+1,0)&"" | M75: =VLOOKUP($C52,'2025年度(M1前期)'!$B$5:$N$208,COLUMN('2025年度(M1前期)'!$K$5)+1,0)&"" | O75: =VLOOKUP($C52,'2025年度(M2前期)'!$B$5:$N$208,COLUMN('2025年度(M2前期)'!$K$5)+1,0)&"" | Q75: =VLOOKUP($C52,'2025年度(D1前期)'!$B$5:$N$208,COLUMN('2025年度(D1前期)'!$K$5)+1,0)&"" | S75: =VLOOKUP($C52,'2025年度(D23前期)'!$B$5:$N$208,COLUMN('2025年度(D23前期)'!$K$5)+1,0)&""
B76: 備 考
C77: =C52+1 -> 45781 | U77: =C77 -> 45781 | AA77: 101 | AB77: 102 | AC77: 103 | AD77: 在宅実習室 | AE77: 成人実習室 | AF77: 講堂 | AG77: 201 | AH77: 202 | AI77: 203 | AJ77: 204 | AK77: 205 | AL77: 基礎実習室 | AM77: 母性・小児実習室 | AN77: 演習21 | AO77: 演習22 | AP77: 演習23 | AQ77: 演習24 | AR77: 演習25 | AS77: 演習26 | AT77: 演習27 | AU77: 演習28 | AV77: 演習29 | AW77: 301 | AX77: 302 | AY77: 303 | AZ77: 304 | BA77: 臨床１ | BB77: 臨床２ | BC77: LL1 | BD77: LL2 | BE77: 実験室 | BF77: 情報処理室 | BG77: 演習31 | BH77: 演習32 | BI77: セミナー室１ | BJ77: セミナー室２ | BK77: 大講義室 | BL77: アリーナ | BM77: 多目的ルーム | BN77: 研修１ | BO77: 研修３ | BP77: 研修４ | BQ77: 研修５ | BR77: 研修６ | BS77: 研修７ | BT77: 視聴覚室
A78: １時限（09：20～10：50） | B78: 科目名 | C78: =VLOOKUP($C77,'2025年度(1年前期)'!$B$5:$N$208,COLUMN('2025年度(1年前期)'!$C$5),0)&"" | E78: =VLOOKUP($C77,'2025年度(2年前期)'!$B$5:$N$208,COLUMN('2025年度(2年前期)'!$C$5),0)&"" | G78: =VLOOKUP($C77,'2025年度(3年前期)'!$B$5:$N$208,COLUMN('2025年度(3年前期)'!$C$5),0)&"" | I78: =VLOOKUP($C77,'2025年度(4年前期)'!$B$5:$N$208,COLUMN('2025年度(4年前期)'!$C$5),0)&"" | K78: =VLOOKUP($C77,'2025年度(助産前期)'!$B$5:$N$208,COLUMN('2025年度(助産前期)'!$C$5),0)&"" | M78: =VLOOKUP($C77,'2025年度(M1前期)'!$B$5:$N$208,COLUMN('2025年度(M1前期)'!$C$5),0)&"" | O78: =VLOOKUP($C77,'2025年度(M2前期)'!$B$5:$N$208,COLUMN('2025年度(M2前期)'!$C$5),0)&"" | Q78: =VLOOKUP($C77,'2025年度(D1前期)'!$B$5:$N$208,COLUMN('2025年度(D1前期)'!$C$5),0)&"" | S78: =VLOOKUP($C77,'2025年度(D23前期)'!$B$5:$N$208,COLUMN('2025年度(D23前期)'!$C$5),0)&"" | U78: 終日 | Z78: =A78 -> １時限（09：20～10：50）
B79: 教 官 | C79: =IFERROR(VLOOKUP(C78,科目・教員!$A$1:$B$357,2,0),"") | E79: =IFERROR(VLOOKUP(E78,科目・教員!$A$1:$B$357,2,0),"") | G79: =IFERROR(VLOOKUP(G78,科目・教員!$A$1:$B$357,2,0),"") | I79: =IFERROR(VLOOKUP(I78,科目・教員!$A$1:$B$357,2,0),"") | K79: =IFERROR(VLOOKUP(K78,科目・教員!$A$1:$B$357,2,0),"") | M79: =IFERROR(VLOOKUP(M78,科目・教員!$A$1:$B$357,2,0),"") | O79: =IFERROR(VLOOKUP(O78,科目・教員!$A$1:$B$357,2,0),"") | Q79: =IFERROR(VLOOKUP(Q78,科目・教員!$A$1:$B$357,2,0),"") | S79: =IFERROR(VLOOKUP(S78,科目・教員!$A$1:$B$357,2,0),"") | U79: 照明工事
B80: 使用教室 | C80: =VLOOKUP($C77,'2025年度(1年前期)'!$B$5:$N$208,COLUMN('2025年度(1年前期)'!$C$5)+1,0)&"" | E80: =VLOOKUP($C77,'2025年度(2年前期)'!$B$5:$N$208,COLUMN('2025年度(2年前期)'!$C$5)+1,0)&"" | G80: =VLOOKUP($C77,'2025年度(3年前期)'!$B$5:$N$208,COLUMN('2025年度(3年前期)'!$C$5)+1,0)&"" | I80: =VLOOKUP($C77,'2025年度(4年前期)'!$B$5:$N$208,COLUMN('2025年度(4年前期)'!$C$5)+1,0)&"" | K80: =VLOOKUP($C77,'2025年度(助産前期)'!$B$5:$N$208,COLUMN('2025年度(助産前期)'!$C$5)+1,0)&"" | M80: =VLOOKUP($C77,'2025年度(M1前期)'!$B$5:$N$208,COLUMN('2025年度(M1前期)'!C$5)+1,0)&"" | O80: =VLOOKUP($C77,'2025年度(M2前期)'!$B$5:$N$208,COLUMN('2025年度(M2前期)'!$C$5)+1,0)&"" | Q80: =VLOOKUP($C77,'2025年度(D1前期)'!$B$5:$N$208,COLUMN('2025年度(D1前期)'!$C$5)+1,0)&"" | S80: =VLOOKUP($C77,'2025年度(D23前期)'!$B$5:$N$208,COLUMN('2025年度(D23前期)'!$C$5)+1,0)&"" | U80: 本館棟全体
B81: 備 考 | U81: 江田係長
A82: ２時限（11：00～12：30） | B82: 科目名 | C82: =VLOOKUP($C77,'2025年度(1年前期)'!$B$5:$N$208,COLUMN('2025年度(1年前期)'!$E$5),0)&"" | E82: =VLOOKUP($C77,'2025年度(2年前期)'!$B$5:$N$208,COLUMN('2025年度(2年前期)'!$E$5),0)&"" | G82: =VLOOKUP($C77,'2025年度(3年前期)'!$B$5:$N$208,COLUMN('2025年度(3年前期)'!$E$5),0)&"" | I82: =VLOOKUP($C77,'2025年度(4年前期)'!$B$5:$N$208,COLUMN('2025年度(4年前期)'!$E$5),0)&"" | K82: =VLOOKUP($C77,'2025年度(助産前期)'!$B$5:$N$208,COLUMN('2025年度(助産前期)'!$E$5),0)&"" | M82: =VLOOKUP($C77,'2025年度(M1前期)'!$B$5:$N$208,COLUMN('2025年度(M1前期)'!$E$5),0)&"" | O82: =VLOOKUP($C77,'2025年度(M2前期)'!$B$5:$N$208,COLUMN('2025年度(M2前期)'!$E$5),0)&"" | Q82: =VLOOKUP($C77,'2025年度(D1前期)'!$B$5:$N$208,COLUMN('2025年度(D1前期)'!$E$5),0)&"" | S82: =VLOOKUP($C77,'2025年度(D23前期)'!$B$5:$N$208,COLUMN('2025年度(D23前期)'!$E$5),0)&"" | Z82: =A82 -> ２時限（11：00～12：30）
B83: 教 官 | C83: =IFERROR(VLOOKUP(C82,科目・教員!$A$1:$B$357,2,0),"") | E83: =IFERROR(VLOOKUP(E82,科目・教員!$A$1:$B$357,2,0),"") | G83: =IFERROR(VLOOKUP(G82,科目・教員!$A$1:$B$357,2,0),"") | I83: =IFERROR(VLOOKUP(I82,科目・教員!$A$1:$B$357,2,0),"") | K83: =IFERROR(VLOOKUP(K82,科目・教員!$A$1:$B$357,2,0),"") | M83: =IFERROR(VLOOKUP(M82,科目・教員!$A$1:$B$357,2,0),"") | O83: =IFERROR(VLOOKUP(O82,科目・教員!$A$1:$B$357,2,0),"") | Q83: =IFERROR(VLOOKUP(Q82,科目・教員!$A$1:$B$357,2,0),"") | S83: =IFERROR(VLOOKUP(S82,科目・教員!$A$1:$B$357,2,0),"")
B84: 使用教室 | C84: =VLOOKUP($C77,'2025年度(1年前期)'!$B$5:$N$208,COLUMN('2025年度(1年前期)'!$E$5)+1,0)&"" | E84: =VLOOKUP($C77,'2025年度(2年前期)'!$B$5:$N$208,COLUMN('2025年度(2年前期)'!$E$5)+1,0)&"" | G84: =VLOOKUP($C77,'2025年度(3年前期)'!$B$5:$N$208,COLUMN('2025年度(3年前期)'!$E$5)+1,0)&"" | I84: =VLOOKUP($C77,'2025年度(4年前期)'!$B$5:$N$208,COLUMN('2025年度(4年前期)'!$E$5)+1,0)&"" | K84: =VLOOKUP($C77,'2025年度(助産前期)'!$B$5:$N$208,COLUMN('2025年度(助産前期)'!$E$5)+1,0)&"" | M84: =VLOOKUP($C77,'2025年度(M1前期)'!$B$5:$N$208,COLUMN('2025年度(M1前期)'!$E$5)+1,0)&"" | O84: =VLOOKUP($C77,'2025年度(M2前期)'!$B$5:$N$208,COLUMN('2025年度(M2前期)'!$E$5)+1,0)&"" | Q84: =VLOOKUP($C77,'2025年度(D1前期)'!$B$5:$N$208,COLUMN('2025年度(D1前期)'!$E$5)+1,0)&"" | S84: =VLOOKUP($C77,'2025年度(D23前期)'!$B$5:$N$208,COLUMN('2025年度(D23前期)'!$E$5)+1,0)&""
B85: 備 考
A86: 昼休み（12：30～13：30） | B86: 活動名 | Z86: =A86 -> 昼休み（12：30～13：30）
B87: 責任者
B88: 使用教室
B89: 備 考
A90: ３時限（13：30～15：00） | B90: 科目名 | C90: =VLOOKUP($C77,'2025年度(1年前期)'!$B$5:$N$208,COLUMN('2025年度(1年前期)'!$G$5),0)&"" | E90: =VLOOKUP($C77,'2025年度(2年前期)'!$B$5:$N$208,COLUMN('2025年度(2年前期)'!$G$5),0)&"" | G90: =VLOOKUP($C77,'2025年度(3年前期)'!$B$5:$N$208,COLUMN('2025年度(3年前期)'!$G$5),0)&"" | I90: =VLOOKUP($C77,'2025年度(4年前期)'!$B$5:$N$208,COLUMN('2025年度(4年前期)'!$G$5),0)&"" | K90: =VLOOKUP($C77,'2025年度(助産前期)'!$B$5:$N$208,COLUMN('2025年度(助産前期)'!$G$5),0)&"" | M90: =VLOOKUP($C77,'2025年度(M1前期)'!$B$5:$N$208,COLUMN('2025年度(M1前期)'!$G$5),0)&"" | O90: =VLOOKUP($C77,'2025年度(M2前期)'!$B$5:$N$208,COLUMN('2025年度(M2前期)'!$G$5),0)&"" | Q90: =VLOOKUP($C77,'2025年度(D1前期)'!$B$5:$N$208,COLUMN('2025年度(D1前期)'!$G$5),0)&"" | S90: =VLOOKUP($C77,'2025年度(D23前期)'!$B$5:$N$208,COLUMN('2025年度(D23前期)'!$G$5),0)&"" | Z90: =A90 -> ３時限（13：30～15：00）
B91: 教 官 | C91: =IFERROR(VLOOKUP(C90,科目・教員!$A$1:$B$357,2,0),"") | E91: =IFERROR(VLOOKUP(E90,科目・教員!$A$1:$B$357,2,0),"") | G91: =IFERROR(VLOOKUP(G90,科目・教員!$A$1:$B$357,2,0),"") | I91: =IFERROR(VLOOKUP(I90,科目・教員!$A$1:$B$357,2,0),"") | K91: =IFERROR(VLOOKUP(K90,科目・教員!$A$1:$B$357,2,0),"") | M91: =IFERROR(VLOOKUP(M90,科目・教員!$A$1:$B$357,2,0),"") | O91: =IFERROR(VLOOKUP(O90,科目・教員!$A$1:$B$357,2,0),"") | Q91: =IFERROR(VLOOKUP(Q90,科目・教員!$A$1:$B$357,2,0),"") | S91: =IFERROR(VLOOKUP(S90,科目・教員!$A$1:$B$357,2,0),"")
B92: 使用教室 | C92: =VLOOKUP($C77,'2025年度(1年前期)'!$B$5:$N$208,COLUMN('2025年度(1年前期)'!$G$5)+1,0)&"" | E92: =VLOOKUP($C77,'2025年度(2年前期)'!$B$5:$N$208,COLUMN('2025年度(2年前期)'!$G$5)+1,0)&"" | G92: =VLOOKUP($C77,'2025年度(3年前期)'!$B$5:$N$208,COLUMN('2025年度(3年前期)'!$G$5)+1,0)&"" | I92: =VLOOKUP($C77,'2025年度(4年前期)'!$B$5:$N$208,COLUMN('2025年度(4年前期)'!$G$5)+1,0)&"" | K92: =VLOOKUP($C77,'2025年度(助産前期)'!$B$5:$N$208,COLUMN('2025年度(助産前期)'!$G$5)+1,0)&"" | M92: =VLOOKUP($C77,'2025年度(M1前期)'!$B$5:$N$208,COLUMN('2025年度(M1前期)'!$G$5)+1,0)&"" | O92: =VLOOKUP($C77,'2025年度(M2前期)'!$B$5:$N$208,COLUMN('2025年度(M2前期)'!$G$5)+1,0)&"" | Q92: =VLOOKUP($C77,'2025年度(D1前期)'!$B$5:$N$208,COLUMN('2025年度(D1前期)'!$G$5)+1,0)&"" | S92: =VLOOKUP($C77,'2025年度(D23前期)'!$B$5:$N$208,COLUMN('2025年度(D23前期)'!$G$5)+1,0)&""
B93: 備 考
A94: ４時限（15：10～16：40） | B94: 科目名 | C94: =VLOOKUP($C77,'2025年度(1年前期)'!$B$5:$N$208,COLUMN('2025年度(1年前期)'!$I$5),0)&"" | E94: =VLOOKUP($C77,'2025年度(2年前期)'!$B$5:$N$208,COLUMN('2025年度(2年前期)'!$I$5),0)&"" | G94: =VLOOKUP($C77,'2025年度(3年前期)'!$B$5:$N$208,COLUMN('2025年度(3年前期)'!$I$5),0)&"" | I94: =VLOOKUP($C77,'2025年度(4年前期)'!$B$5:$N$208,COLUMN('2025年度(4年前期)'!$I$5),0)&"" | K94: =VLOOKUP($C77,'2025年度(助産前期)'!$B$5:$N$208,COLUMN('2025年度(助産前期)'!$I$5),0)&"" | M94: =VLOOKUP($C77,'2025年度(M1前期)'!$B$5:$N$208,COLUMN('2025年度(M1前期)'!$I$5),0)&"" | O94: =VLOOKUP($C77,'2025年度(M2前期)'!$B$5:$N$208,COLUMN('2025年度(M2前期)'!$I$5),0)&"" | Q94: =VLOOKUP($C77,'2025年度(D1前期)'!$B$5:$N$208,COLUMN('2025年度(D1前期)'!$I$5),0)&"" | S94: =VLOOKUP($C77,'2025年度(D23前期)'!$B$5:$N$208,COLUMN('2025年度(D23前期)'!$I$5),0)&"" | Z94: =A94 -> ４時限（15：10～16：40）
B95: 教 官 | C95: =IFERROR(VLOOKUP(C94,科目・教員!$A$1:$B$357,2,0),"") | E95: =IFERROR(VLOOKUP(E94,科目・教員!$A$1:$B$357,2,0),"") | G95: =IFERROR(VLOOKUP(G94,科目・教員!$A$1:$B$357,2,0),"") | I95: =IFERROR(VLOOKUP(I94,科目・教員!$A$1:$B$357,2,0),"") | K95: =IFERROR(VLOOKUP(K94,科目・教員!$A$1:$B$357,2,0),"") | M95: =IFERROR(VLOOKUP(M94,科目・教員!$A$1:$B$357,2,0),"") | O95: =IFERROR(VLOOKUP(O94,科目・教員!$A$1:$B$357,2,0),"") | Q95: =IFERROR(VLOOKUP(Q94,科目・教員!$A$1:$B$357,2,0),"") | S95: =IFERROR(VLOOKUP(S94,科目・教員!$A$1:$B$357,2,0),"")
B96: 使用教室 | C96: =VLOOKUP($C77,'2025年度(1年前期)'!$B$5:$N$208,COLUMN('2025年度(1年前期)'!$I$5)+1,0)&"" | E96: =VLOOKUP($C77,'2025年度(2年前期)'!$B$5:$N$208,COLUMN('2025年度(2年前期)'!$I$5)+1,0)&"" | G96: =VLOOKUP($C77,'2025年度(3年前期)'!$B$5:$N$208,COLUMN('2025年度(3年前期)'!$I$5)+1,0)&"" | I96: =VLOOKUP($C77,'2025年度(4年前期)'!$B$5:$N$208,COLUMN('2025年度(4年前期)'!$I$5)+1,0)&"" | K96: =VLOOKUP($C77,'2025年度(助産前期)'!$B$5:$N$208,COLUMN('2025年度(助産前期)'!$I$5)+1,0)&"" | M96: =VLOOKUP($C77,'2025年度(M1前期)'!$B$5:$N$208,COLUMN('2025年度(M1前期)'!$I$5)+1,0)&"" | O96: =VLOOKUP($C77,'2025年度(M2前期)'!$B$5:$N$208,COLUMN('2025年度(M2前期)'!$I$5)+1,0)&"" | Q96: =VLOOKUP($C77,'2025年度(D1前期)'!$B$5:$N$208,COLUMN('2025年度(D1前期)'!$I$5)+1,0)&"" | S96: =VLOOKUP($C77,'2025年度(D23前期)'!$B$5:$N$208,COLUMN('2025年度(D23前期)'!$I$5)+1,0)&""
B97: 備 考
A98: ５時限（16：50～18：20） | B98: 科目名 | C98: =VLOOKUP($C77,'2025年度(1年前期)'!$B$5:$N$208,COLUMN('2025年度(1年前期)'!$K$5),0)&"" | E98: =VLOOKUP($C77,'2025年度(2年前期)'!$B$5:$N$208,COLUMN('2025年度(2年前期)'!$K$5),0)&"" | G98: =VLOOKUP($C77,'2025年度(3年前期)'!$B$5:$N$208,COLUMN('2025年度(3年前期)'!$K$5),0)&"" | I98: =VLOOKUP($C77,'2025年度(4年前期)'!$B$5:$N$208,COLUMN('2025年度(4年前期)'!$K$5),0)&"" | K98: =VLOOKUP($C77,'2025年度(助産前期)'!$B$5:$N$208,COLUMN('2025年度(助産前期)'!$K$5),0)&"" | M98: =VLOOKUP($C77,'2025年度(M1前期)'!$B$5:$N$208,COLUMN('2025年度(M1前期)'!$K$5),0)&"" | O98: =VLOOKUP($C77,'2025年度(M2前期)'!$B$5:$N$208,COLUMN('2025年度(M2前期)'!$K$5),0)&"" | Q98: =VLOOKUP($C77,'2025年度(D1前期)'!$B$5:$N$208,COLUMN('2025年度(D1前期)'!$K$5),0)&"" | S98: =VLOOKUP($C77,'2025年度(D23前期)'!$B$5:$N$208,COLUMN('2025年度(D23前期)'!$K$5),0)&"" | Z98: =A98 -> ５時限（16：50～18：20）
B99: 教 官 | C99: =IFERROR(VLOOKUP(C98,科目・教員!$A$1:$B$357,2,0),"") | E99: =IFERROR(VLOOKUP(E98,科目・教員!$A$1:$B$357,2,0),"") | G99: =IFERROR(VLOOKUP(G98,科目・教員!$A$1:$B$357,2,0),"") | I99: =IFERROR(VLOOKUP(I98,科目・教員!$A$1:$B$357,2,0),"") | K99: =IFERROR(VLOOKUP(K98,科目・教員!$A$1:$B$357,2,0),"") | M99: =IFERROR(VLOOKUP(M98,科目・教員!$A$1:$B$357,2,0),"") | O99: =IFERROR(VLOOKUP(O98,科目・教員!$A$1:$B$357,2,0),"") | Q99: =IFERROR(VLOOKUP(Q98,科目・教員!$A$1:$B$357,2,0),"") | S99: =IFERROR(VLOOKUP(S98,科目・教員!$A$1:$B$357,2,0),"")
B100: 使用教室 | C100: =VLOOKUP($C77,'2025年度(1年前期)'!$B$5:$N$208,COLUMN('2025年度(1年前期)'!$K$5)+1,0)&"" | E100: =VLOOKUP($C77,'2025年度(2年前期)'!$B$5:$N$208,COLUMN('2025年度(2年前期)'!$K$5)+1,0)&"" | G100: =VLOOKUP($C77,'2025年度(3年前期)'!$B$5:$N$208,COLUMN('2025年度(3年前期)'!$K$5)+1,0)&"" | I100: =VLOOKUP($C77,'2025年度(4年前期)'!$B$5:$N$208,COLUMN('2025年度(4年前期)'!$K$5)+1,0)&"" | K100: =VLOOKUP($C77,'2025年度(助産前期)'!$B$5:$N$208,COLUMN('2025年度(助産前期)'!$K$5)+1,0)&"" | M100: =VLOOKUP($C77,'2025年度(M1前期)'!$B$5:$N$208,COLUMN('2025年度(M1前期)'!$K$5)+1,0)&"" | O100: =VLOOKUP($C77,'2025年度(M2前期)'!$B$5:$N$208,COLUMN('2025年度(M2前期)'!$K$5)+1,0)&"" | Q100: =VLOOKUP($C77,'2025年度(D1前期)'!$B$5:$N$208,COLUMN('2025年度(D1前期)'!$K$5)+1,0)&"" | S100: =VLOOKUP($C77,'2025年度(D23前期)'!$B$5:$N$208,COLUMN('2025年度(D23前期)'!$K$5)+1,0)&""
...

Sheet 2025年6月
A1: 45809 | C1: １年 | E1: ２年 | G1: ３年 | I1: ４年 | K1: 助産 | M1: 研究課程部 Ｍ１ | O1: 研究課程部 Ｍ２ | Q1: 研究課程部 Ｄ１ | S1: 研究課程部 Ｄ２３ | U1: =A1 -> 45809 | V1: 授業外その他教室等管理スケジュール | AA1: １階 | AG1: ２階 | AW1: ３階 | BI1: ４階 | BN1: 体育棟 | BP1: 福利棟 | BQ1: 研修棟
C2: =A1 -> 45809 | U2: =C2 -> 45809 | AA2: 101 | AB2: 102 | AC2: 103 | AD2: 在宅実習室 | AE2: 成人実習室 | AF2: 講堂 | AG2: 201 | AH2: 202 | AI2: 203 | AJ2: 204 | AK2: 205 | AL2: 基礎実習室 | AM2: 母性・小児実習室 | AN2: 演習21 | AO2: 演習22 | AP2: 演習23 | AQ2: 演習24 | AR2: 演習25 | AS2: 演習26 | AT2: 演習27 | AU2: 演習28 | AV2: 演習29 | AW2: 301 | AX2: 302 | AY2: 303 | AZ2: 304 | BA2: 臨床１ | BB2: 臨床２ | BC2: LL1 | BD2: LL2 | BE2: 実験室 | BF2: 情報処理室 | BG2: 演習31 | BH2: 演習32 | BI2: セミナー室1 | BJ2: セミナー室2 | BK2: セミナー室3 | BL2: セミナー室4 | BM2: セミナー室5 | BN2: 大講義室 | BO2: アリーナ | BP2: 多目的ルーム | BQ2: 研修１ | BR2: 研修３ | BS2: 研修４ | BT2: 研修５ | BU2: 研修６ | BV2: 研修７ | BW2: 視聴覚室
A3: １時限（09：20～10：50） | B3: 科目名 | C3: =VLOOKUP($C2,'2025年度(1年前期)'!$B$5:$N$208,COLUMN('2025年度(1年前期)'!$C$5),0)&"" | E3: =VLOOKUP($C2,'2025年度(2年前期)'!$B$5:$N$208,COLUMN('2025年度(2年前期)'!$C$5),0)&"" | G3: =VLOOKUP($C2,'2025年度(3年前期)'!$B$5:$N$208,COLUMN('2025年度(3年前期)'!$C$5),0)&"" | I3: =VLOOKUP($C2,'2025年度(4年前期)'!$B$5:$N$208,COLUMN('2025年度(4年前期)'!$C$5),0)&"" | K3: =VLOOKUP($C2,'2025年度(助産前期)'!$B$5:$N$208,COLUMN('2025年度(助産前期)'!$C$5),0)&"" | M3: =VLOOKUP($C2,'2025年度(M1前期)'!$B$5:$N$208,COLUMN('2025年度(M1前期)'!$C$5),0)&"" | O3: =VLOOKUP($C2,'2025年度(M2前期)'!$B$5:$N$208,COLUMN('2025年度(M2前期)'!$C$5),0)&"" | Q3: =VLOOKUP($C2,'2025年度(D1前期)'!$B$5:$N$208,COLUMN('2025年度(D1前期)'!$C$5),0)&"" | S3: =VLOOKUP($C2,'2025年度(D23前期)'!$B$5:$N$208,COLUMN('2025年度(D23前期)'!$C$5),0)&"" | Z3: =A3 -> １時限（09：20～10：50）
B4: 教 官 | C4: =IFERROR(VLOOKUP(C3,科目・教員!$A$1:$B$357,2,0),"") | E4: =IFERROR(VLOOKUP(E3,科目・教員!$A$1:$B$357,2,0),"") | G4: =IFERROR(VLOOKUP(G3,科目・教員!$A$1:$B$357,2,0),"") | I4: =IFERROR(VLOOKUP(I3,科目・教員!$A$1:$B$357,2,0),"") | K4: =IFERROR(VLOOKUP(K3,科目・教員!$A$1:$B$357,2,0),"") | M4: =IFERROR(VLOOKUP(M3,科目・教員!$A$1:$B$357,2,0),"") | O4: =IFERROR(VLOOKUP(O3,科目・教員!$A$1:$B$357,2,0),"") | Q4: =IFERROR(VLOOKUP(Q3,科目・教員!$A$1:$B$357,2,0),"") | S4: =IFERROR(VLOOKUP(S3,科目・教員!$A$1:$B$357,2,0),"")
B5: 使用教室 | C5: =VLOOKUP($C2,'2025年度(1年前期)'!$B$5:$N$208,COLUMN('2025年度(1年前期)'!$C$5)+1,0)&"" | E5: =VLOOKUP($C2,'2025年度(2年前期)'!$B$5:$N$208,COLUMN('2025年度(2年前期)'!$C$5)+1,0)&"" | G5: =VLOOKUP($C2,'2025年度(3年前期)'!$B$5:$N$208,COLUMN('2025年度(3年前期)'!$C$5)+1,0)&"" | I5: =VLOOKUP($C2,'2025年度(4年前期)'!$B$5:$N$208,COLUMN('2025年度(4年前期)'!$C$5)+1,0)&"" | K5: =VLOOKUP($C2,'2025年度(助産前期)'!$B$5:$N$208,COLUMN('2025年度(助産前期)'!$C$5)+1,0)&"" | M5: =VLOOKUP($C2,'2025年度(M1前期)'!$B$5:$N$208,COLUMN('2025年度(M1前期)'!C$5)+1,0)&"" | O5: =VLOOKUP($C2,'2025年度(M2前期)'!$B$5:$N$208,COLUMN('2025年度(M2前期)'!$C$5)+1,0)&"" | Q5: =VLOOKUP($C2,'2025年度(D1前期)'!$B$5:$N$208,COLUMN('2025年度(D1前期)'!$C$5)+1,0)&"" | S5: =VLOOKUP($C2,'2025年度(D23前期)'!$B$5:$N$208,COLUMN('2025年度(D23前期)'!$C$5)+1,0)&""
B6: 備 考
A7: ２時限（11：00～12：30） | B7: 科目名 | C7: =VLOOKUP($C2,'2025年度(1年前期)'!$B$5:$N$208,COLUMN('2025年度(1年前期)'!$E$5),0)&"" | E7: =VLOOKUP($C2,'2025年度(2年前期)'!$B$5:$N$208,COLUMN('2025年度(2年前期)'!$E$5),0)&"" | G7: =VLOOKUP($C2,'2025年度(3年前期)'!$B$5:$N$208,COLUMN('2025年度(3年前期)'!$E$5),0)&"" | I7: =VLOOKUP($C2,'2025年度(4年前期)'!$B$5:$N$208,COLUMN('2025年度(4年前期)'!$E$5),0)&"" | K7: =VLOOKUP($C2,'2025年度(助産前期)'!$B$5:$N$208,COLUMN('2025年度(助産前期)'!$E$5),0)&"" | M7: =VLOOKUP($C2,'2025年度(M1前期)'!$B$5:$N$208,COLUMN('2025年度(M1前期)'!$E$5),0)&"" | O7: =VLOOKUP($C2,'2025年度(M2前期)'!$B$5:$N$208,COLUMN('2025年度(M2前期)'!$E$5),0)&"" | Q7: =VLOOKUP($C2,'2025年度(D1前期)'!$B$5:$N$208,COLUMN('2025年度(D1前期)'!$E$5),0)&"" | S7: =VLOOKUP($C2,'2025年度(D23前期)'!$B$5:$N$208,COLUMN('2025年度(D23前期)'!$E$5),0)&"" | Z7: =A7 -> ２時限（11：00～12：30）
B8: 教 官 | C8: =IFERROR(VLOOKUP(C7,科目・教員!$A$1:$B$357,2,0),"") | E8: =IFERROR(VLOOKUP(E7,科目・教員!$A$1:$B$357,2,0),"") | G8: =IFERROR(VLOOKUP(G7,科目・教員!$A$1:$B$357,2,0),"") | I8: =IFERROR(VLOOKUP(I7,科目・教員!$A$1:$B$357,2,0),"") | K8: =IFERROR(VLOOKUP(K7,科目・教員!$A$1:$B$357,2,0),"") | M8: =IFERROR(VLOOKUP(M7,科目・教員!$A$1:$B$357,2,0),"") | O8: =IFERROR(VLOOKUP(O7,科目・教員!$A$1:$B$357,2,0),"") | Q8: =IFERROR(VLOOKUP(Q7,科目・教員!$A$1:$B$357,2,0),"") | S8: =IFERROR(VLOOKUP(S7,科目・教員!$A$1:$B$357,2,0),"")
B9: 使用教室 | C9: =VLOOKUP($C2,'2025年度(1年前期)'!$B$5:$N$208,COLUMN('2025年度(1年前期)'!$E$5)+1,0)&"" | E9: =VLOOKUP($C2,'2025年度(2年前期)'!$B$5:$N$208,COLUMN('2025年度(2年前期)'!$E$5)+1,0)&"" | G9: =VLOOKUP($C2,'2025年度(3年前期)'!$B$5:$N$208,COLUMN('2025年度(3年前期)'!$E$5)+1,0)&"" | I9: =VLOOKUP($C2,'2025年度(4年前期)'!$B$5:$N$208,COLUMN('2025年度(4年前期)'!$E$5)+1,0)&"" | K9: =VLOOKUP($C2,'2025年度(助産前期)'!$B$5:$N$208,COLUMN('2025年度(助産前期)'!$E$5)+1,0)&"" | M9: =VLOOKUP($C2,'2025年度(M1前期)'!$B$5:$N$208,COLUMN('2025年度(M1前期)'!$E$5)+1,0)&"" | O9: =VLOOKUP($C2,'2025年度(M2前期)'!$B$5:$N$208,COLUMN('2025年度(M2前期)'!$E$5)+1,0)&"" | Q9: =VLOOKUP($C2,'2025年度(D1前期)'!$B$5:$N$208,COLUMN('2025年度(D1前期)'!$E$5)+1,0)&"" | S9: =VLOOKUP($C2,'2025年度(D23前期)'!$B$5:$N$208,COLUMN('2025年度(D23前期)'!$E$5)+1,0)&""
B10: 備 考
A11: 昼休み（12：30～13：30） | B11: 活動名 | Z11: =A11 -> 昼休み（12：30～13：30）
B12: 責任者
B13: 使用教室
B14: 備 考
A15: ３時限（13：30～15：00） | B15: 科目名 | C15: =VLOOKUP($C2,'2025年度(1年前期)'!$B$5:$N$208,COLUMN('2025年度(1年前期)'!$G$5),0)&"" | E15: =VLOOKUP($C2,'2025年度(2年前期)'!$B$5:$N$208,COLUMN('2025年度(2年前期)'!$G$5),0)&"" | G15: =VLOOKUP($C2,'2025年度(3年前期)'!$B$5:$N$208,COLUMN('2025年度(3年前期)'!$G$5),0)&"" | I15: =VLOOKUP($C2,'2025年度(4年前期)'!$B$5:$N$208,COLUMN('2025年度(4年前期)'!$G$5),0)&"" | K15: =VLOOKUP($C2,'2025年度(助産前期)'!$B$5:$N$208,COLUMN('2025年度(助産前期)'!$G$5),0)&"" | M15: =VLOOKUP($C2,'2025年度(M1前期)'!$B$5:$N$208,COLUMN('2025年度(M1前期)'!$G$5),0)&"" | O15: =VLOOKUP($C2,'2025年度(M2前期)'!$B$5:$N$208,COLUMN('2025年度(M2前期)'!$G$5),0)&"" | Q15: =VLOOKUP($C2,'2025年度(D1前期)'!$B$5:$N$208,COLUMN('2025年度(D1前期)'!$G$5),0)&"" | S15: =VLOOKUP($C2,'2025年度(D23前期)'!$B$5:$N$208,COLUMN('2025年度(D23前期)'!$G$5),0)&"" | Z15: =A15 -> ３時限（13：30～15：00）
B16: 教 官 | C16: =IFERROR(VLOOKUP(C15,科目・教員!$A$1:$B$357,2,0),"") | E16: =IFERROR(VLOOKUP(E15,科目・教員!$A$1:$B$357,2,0),"") | G16: =IFERROR(VLOOKUP(G15,科目・教員!$A$1:$B$357,2,0),"") | I16: =IFERROR(VLOOKUP(I15,科目・教員!$A$1:$B$357,2,0),"") | K16: =IFERROR(VLOOKUP(K15,科目・教員!$A$1:$B$357,2,0),"") | M16: =IFERROR(VLOOKUP(M15,科目・教員!$A$1:$B$357,2,0),"") | O16: =IFERROR(VLOOKUP(O15,科目・教員!$A$1:$B$357,2,0),"") | Q16: =IFERROR(VLOOKUP(Q15,科目・教員!$A$1:$B$357,2,0),"") | S16: =IFERROR(VLOOKUP(S15,科目・教員!$A$1:$B$357,2,0),"")
B17: 使用教室 | C17: =VLOOKUP($C2,'2025年度(1年前期)'!$B$5:$N$208,COLUMN('2025年度(1年前期)'!$G$5)+1,0)&"" | E17: =VLOOKUP($C2,'2025年度(2年前期)'!$B$5:$N$208,COLUMN('2025年度(2年前期)'!$G$5)+1,0)&"" | G17: =VLOOKUP($C2,'2025年度(3年前期)'!$B$5:$N$208,COLUMN('2025年度(3年前期)'!$G$5)+1,0)&"" | I17: =VLOOKUP($C2,'2025年度(4年前期)'!$B$5:$N$208,COLUMN('2025年度(4年前期)'!$G$5)+1,0)&"" | K17: =VLOOKUP($C2,'2025年度(助産前期)'!$B$5:$N$208,COLUMN('2025年度(助産前期)'!$G$5)+1,0)&"" | M17: =VLOOKUP($C2,'2025年度(M1前期)'!$B$5:$N$208,COLUMN('2025年度(M1前期)'!$G$5)+1,0)&"" | O17: =VLOOKUP($C2,'2025年度(M2前期)'!$B$5:$N$208,COLUMN('2025年度(M2前期)'!$G$5)+1,0)&"" | Q17: =VLOOKUP($C2,'2025年度(D1前期)'!$B$5:$N$208,COLUMN('2025年度(D1前期)'!$G$5)+1,0)&"" | S17: =VLOOKUP($C2,'2025年度(D23前期)'!$B$5:$N$208,COLUMN('2025年度(D23前期)'!$G$5)+1,0)&""
B18: 備 考
A19: ４時限（15：10～16：40） | B19: 科目名 | C19: =VLOOKUP($C2,'2025年度(1年前期)'!$B$5:$N$208,COLUMN('2025年度(1年前期)'!$I$5),0)&"" | E19: =VLOOKUP($C2,'2025年度(2年前期)'!$B$5:$N$208,COLUMN('2025年度(2年前期)'!$I$5),0)&"" | G19: =VLOOKUP($C2,'2025年度(3年前期)'!$B$5:$N$208,COLUMN('2025年度(3年前期)'!$I$5),0)&"" | I19: =VLOOKUP($C2,'2025年度(4年前期)'!$B$5:$N$208,COLUMN('2025年度(4年前期)'!$I$5),0)&"" | K19: =VLOOKUP($C2,'2025年度(助産前期)'!$B$5:$N$208,COLUMN('2025年度(助産前期)'!$I$5),0)&"" | M19: =VLOOKUP($C2,'2025年度(M1前期)'!$B$5:$N$208,COLUMN('2025年度(M1前期)'!$I$5),0)&"" | O19: =VLOOKUP($C2,'2025年度(M2前期)'!$B$5:$N$208,COLUMN('2025年度(M2前期)'!$I$5),0)&"" | Q19: =VLOOKUP($C2,'2025年度(D1前期)'!$B$5:$N$208,COLUMN('2025年度(D1前期)'!$I$5),0)&"" | S19: =VLOOKUP($C2,'2025年度(D23前期)'!$B$5:$N$208,COLUMN('2025年度(D23前期)'!$I$5),0)&"" | Z19: =A19 -> ４時限（15：10～16：40）
B20: 教 官 | C20: =IFERROR(VLOOKUP(C19,科目・教員!$A$1:$B$357,2,0),"") | E20: =IFERROR(VLOOKUP(E19,科目・教員!$A$1:$B$357,2,0),"") | G20: =IFERROR(VLOOKUP(G19,科目・教員!$A$1:$B$357,2,0),"") | I20: =IFERROR(VLOOKUP(I19,科目・教員!$A$1:$B$357,2,0),"") | K20: =IFERROR(VLOOKUP(K19,科目・教員!$A$1:$B$357,2,0),"") | M20: =IFERROR(VLOOKUP(M19,科目・教員!$A$1:$B$357,2,0),"") | O20: =IFERROR(VLOOKUP(O19,科目・教員!$A$1:$B$357,2,0),"") | Q20: =IFERROR(VLOOKUP(Q19,科目・教員!$A$1:$B$357,2,0),"") | S20: =IFERROR(VLOOKUP(S19,科目・教員!$A$1:$B$357,2,0),"")
B21: 使用教室 | C21: =VLOOKUP($C2,'2025年度(1年前期)'!$B$5:$N$208,COLUMN('2025年度(1年前期)'!$I$5)+1,0)&"" | E21: =VLOOKUP($C2,'2025年度(2年前期)'!$B$5:$N$208,COLUMN('2025年度(2年前期)'!$I$5)+1,0)&"" | G21: =VLOOKUP($C2,'2025年度(3年前期)'!$B$5:$N$208,COLUMN('2025年度(3年前期)'!$I$5)+1,0)&"" | I21: =VLOOKUP($C2,'2025年度(4年前期)'!$B$5:$N$208,COLUMN('2025年度(4年前期)'!$I$5)+1,0)&"" | K21: =VLOOKUP($C2,'2025年度(助産前期)'!$B$5:$N$208,COLUMN('2025年度(助産前期)'!$I$5)+1,0)&"" | M21: =VLOOKUP($C2,'2025年度(M1前期)'!$B$5:$N$208,COLUMN('2025年度(M1前期)'!$I$5)+1,0)&"" | O21: =VLOOKUP($C2,'2025年度(M2前期)'!$B$5:$N$208,COLUMN('2025年度(M2前期)'!$I$5)+1,0)&"" | Q21: =VLOOKUP($C2,'2025年度(D1前期)'!$B$5:$N$208,COLUMN('2025年度(D1前期)'!$I$5)+1,0)&"" | S21: =VLOOKUP($C2,'2025年度(D23前期)'!$B$5:$N$208,COLUMN('2025年度(D23前期)'!$I$5)+1,0)&""
B22: 備 考
A23: ５時限（16：50～18：20） | B23: 科目名 | C23: =VLOOKUP($C2,'2025年度(1年前期)'!$B$5:$N$208,COLUMN('2025年度(1年前期)'!$K$5),0)&"" | E23: =VLOOKUP($C2,'2025年度(2年前期)'!$B$5:$N$208,COLUMN('2025年度(2年前期)'!$K$5),0)&"" | G23: =VLOOKUP($C2,'2025年度(3年前期)'!$B$5:$N$208,COLUMN('2025年度(3年前期)'!$K$5),0)&"" | I23: =VLOOKUP($C2,'2025年度(4年前期)'!$B$5:$N$208,COLUMN('2025年度(4年前期)'!$K$5),0)&"" | K23: =VLOOKUP($C2,'2025年度(助産前期)'!$B$5:$N$208,COLUMN('2025年度(助産前期)'!$K$5),0)&"" | M23: =VLOOKUP($C2,'2025年度(M1前期)'!$B$5:$N$208,COLUMN('2025年度(M1前期)'!$K$5),0)&"" | O23: =VLOOKUP($C2,'2025年度(M2前期)'!$B$5:$N$208,COLUMN('2025年度(M2前期)'!$K$5),0)&"" | Q23: =VLOOKUP($C2,'2025年度(D1前期)'!$B$5:$N$208,COLUMN('2025年度(D1前期)'!$K$5),0)&"" | S23: =VLOOKUP($C2,'2025年度(D23前期)'!$B$5:$N$208,COLUMN('2025年度(D23前期)'!$K$5),0)&"" | Z23: =A23 -> ５時限（16：50～18：20）
B24: 教 官 | C24: =IFERROR(VLOOKUP(C23,科目・教員!$A$1:$B$357,2,0),"") | E24: =IFERROR(VLOOKUP(E23,科目・教員!$A$1:$B$357,2,0),"") | G24: =IFERROR(VLOOKUP(G23,科目・教員!$A$1:$B$357,2,0),"") | I24: =IFERROR(VLOOKUP(I23,科目・教員!$A$1:$B$357,2,0),"") | K24: =IFERROR(VLOOKUP(K23,科目・教員!$A$1:$B$357,2,0),"") | M24: =IFERROR(VLOOKUP(M23,科目・教員!$A$1:$B$357,2,0),"") | O24: =IFERROR(VLOOKUP(O23,科目・教員!$A$1:$B$357,2,0),"") | Q24: =IFERROR(VLOOKUP(Q23,科目・教員!$A$1:$B$357,2,0),"") | S24: =IFERROR(VLOOKUP(S23,科目・教員!$A$1:$B$357,2,0),"")
B25: 使用教室 | C25: =VLOOKUP($C2,'2025年度(1年前期)'!$B$5:$N$208,COLUMN('2025年度(1年前期)'!$K$5)+1,0)&"" | E25: =VLOOKUP($C2,'2025年度(2年前期)'!$B$5:$N$208,COLUMN('2025年度(2年前期)'!$K$5)+1,0)&"" | G25: =VLOOKUP($C2,'2025年度(3年前期)'!$B$5:$N$208,COLUMN('2025年度(3年前期)'!$K$5)+1,0)&"" | I25: =VLOOKUP($C2,'2025年度(4年前期)'!$B$5:$N$208,COLUMN('2025年度(4年前期)'!$K$5)+1,0)&"" | K25: =VLOOKUP($C2,'2025年度(助産前期)'!$B$5:$N$208,COLUMN('2025年度(助産前期)'!$K$5)+1,0)&"" | M25: =VLOOKUP($C2,'2025年度(M1前期)'!$B$5:$N$208,COLUMN('2025年度(M1前期)'!$K$5)+1,0)&"" | O25: =VLOOKUP($C2,'2025年度(M2前期)'!$B$5:$N$208,COLUMN('2025年度(M2前期)'!$K$5)+1,0)&"" | Q25: =VLOOKUP($C2,'2025年度(D1前期)'!$B$5:$N$208,COLUMN('2025年度(D1前期)'!$K$5)+1,0)&"" | S25: =VLOOKUP($C2,'2025年度(D23前期)'!$B$5:$N$208,COLUMN('2025年度(D23前期)'!$K$5)+1,0)&""
B26: 備 考
C27: =C2+1 -> 45810 | U27: =C27 -> 45810 | AA27: 101 | AB27: 102 | AC27: 103 | AD27: 在宅実習室 | AE27: 成人実習室 | AF27: 講堂 | AG27: 201 | AH27: 202 | AI27: 203 | AJ27: 204 | AK27: 205 | AL27: 基礎実習室 | AM27: 母性・小児実習室 | AN27: 演習21 | AO27: 演習22 | AP27: 演習23 | AQ27: 演習24 | AR27: 演習25 | AS27: 演習26 | AT27: 演習27 | AU27: 演習28 | AV27: 演習29 | AW27: 301 | AX27: 302 | AY27: 303 | AZ27: 304 | BA27: 臨床１ | BB27: 臨床２ | BC27: LL1 | BD27: LL2 | BE27: 実験室 | BF27: 情報処理室 | BG27: 演習31 | BH27: 演習32 | BI27: セミナー室1 | BJ27: セミナー室2 | BK27: セミナー室3 | BL27: セミナー室4 | BM27: セミナー室5 | BN27: 大講義室 | BO27: アリーナ | BP27: 多目的ルーム | BQ27: 研修１ | BR27: 研修３ | BS27: 研修４ | BT27: 研修５ | BU27: 研修６ | BV27: 研修７ | BW27: 視聴覚室
A28: １時限（09：20～10：50） | B28: 科目名 | C28: =VLOOKUP($C27,'2025年度(1年前期)'!$B$5:$N$208,COLUMN('2025年度(1年前期)'!$C$5),0)&"" -> 生活援助論Ⅰ (ABCD:環境整備、1･2年生合同) | E28: =VLOOKUP($C27,'2025年度(2年前期)'!$B$5:$N$208,COLUMN('2025年度(2年前期)'!$C$5),0)&"" -> 生活援助論Ⅲ (ABCD:環境整備、1･2年生合同) | G28: =VLOOKUP($C27,'2025年度(3年前期)'!$B$5:$N$208,COLUMN('2025年度(3年前期)'!$C$5),0)&"" -> 看護実践と研究成果の活用 | I28: =VLOOKUP($C27,'2025年度(4年前期)'!$B$5:$N$208,COLUMN('2025年度(4年前期)'!$C$5),0)&"" -> 看護学統合 演習・実習 | K28: =VLOOKUP($C27,'2025年度(助産前期)'!$B$5:$N$208,COLUMN('2025年度(助産前期)'!$C$5),0)&"" | M28: =VLOOKUP($C27,'2025年度(M1前期)'!$B$5:$N$208,COLUMN('2025年度(M1前期)'!$C$5),0)&"" -> 看護情報・管理学特論Ａ－Ⅰ 看護管理学 | O28: =VLOOKUP($C27,'2025年度(M2前期)'!$B$5:$N$208,COLUMN('2025年度(M2前期)'!$C$5),0)&"" -> 成育看護学演習Ａ－Ⅲ(小児) 成人看護学演習Ａ－Ⅱ 成育看護学演習Ａ－Ⅲ(母性) | Q28: =VLOOKUP($C27,'2025年度(D1前期)'!$B$5:$N$208,COLUMN('2025年度(D1前期)'!$C$5),0)&"" | S28: =VLOOKUP($C27,'2025年度(D23前期)'!$B$5:$N$208,COLUMN('2025年度(D23前期)'!$C$5),0)&"" -> 特別研究 | U28: 1～4限 | V28: 1～5限 | W28: 9時～18時 | Y28: 1～4限 | Z28: =A28 -> １時限（09：20～10：50） | AE28: 生活援助論Ⅰ･Ⅲ | AG28: 生活援助論Ⅰ･Ⅲ | AH28: 生活援助論Ⅰ･Ⅲ | AL28: 生活援助論Ⅰ･Ⅲ | AN28: 修学支援 | AX28: 統合演習（成育） | BA28: 看護情報･管理学特論A-Ⅰ/看護管理学 | BB28: 統合演習(長寿) | BN28: 看護実践と研究成果の活用
B29: 教 官 | C29: =IFERROR(VLOOKUP(C28,科目・教員!$A$1:$B$357,2,0),"") | E29: =IFERROR(VLOOKUP(E28,科目・教員!$A$1:$B$357,2,0),"") | G29: =IFERROR(VLOOKUP(G28,科目・教員!$A$1:$B$357,2,0),"") -> 西岡 みどり | I29: =IFERROR(VLOOKUP(I28,科目・教員!$A$1:$B$357,2,0),"") | K29: =IFERROR(VLOOKUP(K28,科目・教員!$A$1:$B$357,2,0),"") | M29: =IFERROR(VLOOKUP(M28,科目・教員!$A$1:$B$357,2,0),"") | O29: =IFERROR(VLOOKUP(O28,科目・教員!$A$1:$B$357,2,0),"") | Q29: =IFERROR(VLOOKUP(Q28,科目・教員!$A$1:$B$357,2,0),"") | S29: =IFERROR(VLOOKUP(S28,科目・教員!$A$1:$B$357,2,0),"") | U29: 統合演習（成育） | V29: 統合演習(長寿) | W29: フィジカルアセスメント | Y29: 修学支援
B30: 使用教室 | C30: =VLOOKUP($C27,'2025年度(1年前期)'!$B$5:$N$208,COLUMN('2025年度(1年前期)'!$C$5)+1,0)&"" -> 201･202･基礎実･成人実 | E30: =VLOOKUP($C27,'2025年度(2年前期)'!$B$5:$N$208,COLUMN('2025年度(2年前期)'!$C$5)+1,0)&"" -> 201･202･基礎実･成人実 | G30: =VLOOKUP($C27,'2025年度(3年前期)'!$B$5:$N$208,COLUMN('2025年度(3年前期)'!$C$5)+1,0)&"" -> 大講義室 | I30: =VLOOKUP($C27,'2025年度(4年前期)'!$B$5:$N$208,COLUMN('2025年度(4年前期)'!$C$5)+1,0)&"" -> 成育：302 長寿:臨床2 | K30: =VLOOKUP($C27,'2025年度(助産前期)'!$B$5:$N$208,COLUMN('2025年度(助産前期)'!$C$5)+1,0)&"" | M30: =VLOOKUP($C27,'2025年度(M1前期)'!$B$5:$N$208,COLUMN('2025年度(M1前期)'!C$5)+1,0)&"" -> 臨床講義室1(合同) | O30: =VLOOKUP($C27,'2025年度(M2前期)'!$B$5:$N$208,COLUMN('2025年度(M2前期)'!$C$5)+1,0)&"" -> 成育:別途指定 成人:別途指定 | Q30: =VLOOKUP($C27,'2025年度(D1前期)'!$B$5:$N$208,COLUMN('2025年度(D1前期)'!$C$5)+1,0)&"" | S30: =VLOOKUP($C27,'2025年度(D23前期)'!$B$5:$N$208,COLUMN('2025年度(D23前期)'!$C$5)+1,0)&"" | U30: 野村先生 | V30: 臨床講義室2 | W30: 自主練 | Y30: 演習21
B31: 備 考 | U31: 302教室 | V31: 松岡先生 | W31: 長岡先生 | Y31: 教務係
A32: ２時限（11：00～12：30） | B32: 科目名 | C32: =VLOOKUP($C27,'2025年度(1年前期)'!$B$5:$N$208,COLUMN('2025年度(1年前期)'!$E$5),0)&"" -> 生活援助論Ⅰ (ABCD) | E32: =VLOOKUP($C27,'2025年度(2年前期)'!$B$5:$N$208,COLUMN('2025年度(2年前期)'!$E$5),0)&"" -> 疾病･病態論Ⅱ (加藤先生) | G32: =VLOOKUP($C27,'2025年度(3年前期)'!$B$5:$N$208,COLUMN('2025年度(3年前期)'!$E$5),0)&"" -> 看護実践と研究成果の活用 | I32: =VLOOKUP($C27,'2025年度(4年前期)'!$B$5:$N$208,COLUMN('2025年度(4年前期)'!$E$5),0)&"" -> 看護学統合 演習・実習 | K32: =VLOOKUP($C27,'2025年度(助産前期)'!$B$5:$N$208,COLUMN('2025年度(助産前期)'!$E$5),0)&"" | M32: =VLOOKUP($C27,'2025年度(M1前期)'!$B$5:$N$208,COLUMN('2025年度(M1前期)'!$E$5),0)&"" -> 看護情報・管理学特論Ａ－Ⅰ 看護管理学 | O32: =VLOOKUP($C27,'2025年度(M2前期)'!$B$5:$N$208,COLUMN('2025年度(M2前期)'!$E$5),0)&"" -> 成育看護学演習Ａ－Ⅲ(小児) 成人看護学演習Ａ－Ⅱ 成育看護学演習Ａ－Ⅲ(母性) | Q32: =VLOOKUP($C27,'2025年度(D1前期)'!$B$5:$N$208,COLUMN('2025年度(D1前期)'!$E$5),0)&"" | S32: =VLOOKUP($C27,'2025年度(D23前期)'!$B$5:$N$208,COLUMN('2025年度(D23前期)'!$E$5),0)&"" -> 特別研究 | W32: 成人実習室 | Z32: =A32 -> ２時限（11：00～12：30） | AA32: 疾病･病態論Ⅱ | AE32: 生活援助論Ⅰ | AG32: 生活援助論Ⅰ | AH32: 生活援助論Ⅰ | AL32: 生活援助論Ⅰ | AN32: 修学支援 | AX32: 統合演習（成育） | BA32: 看護情報･管理学特論A-Ⅰ/看護管理学 | BB32: 統合演習(長寿) | BN32: 看護実践と研究成果の活用
B33: 教 官 | C33: =IFERROR(VLOOKUP(C32,科目・教員!$A$1:$B$357,2,0),"") | E33: =IFERROR(VLOOKUP(E32,科目・教員!$A$1:$B$357,2,0),"") | G33: =IFERROR(VLOOKUP(G32,科目・教員!$A$1:$B$357,2,0),"") -> 西岡 みどり | I33: =IFERROR(VLOOKUP(I32,科目・教員!$A$1:$B$357,2,0),"") | K33: =IFERROR(VLOOKUP(K32,科目・教員!$A$1:$B$357,2,0),"") | M33: =IFERROR(VLOOKUP(M32,科目・教員!$A$1:$B$357,2,0),"") | O33: =IFERROR(VLOOKUP(O32,科目・教員!$A$1:$B$357,2,0),"") | Q33: =IFERROR(VLOOKUP(Q32,科目・教員!$A$1:$B$357,2,0),"") | S33: =IFERROR(VLOOKUP(S32,科目・教員!$A$1:$B$357,2,0),"")
B34: 使用教室 | C34: =VLOOKUP($C27,'2025年度(1年前期)'!$B$5:$N$208,COLUMN('2025年度(1年前期)'!$E$5)+1,0)&"" -> 201･202･基礎実･成人実 | E34: =VLOOKUP($C27,'2025年度(2年前期)'!$B$5:$N$208,COLUMN('2025年度(2年前期)'!$E$5)+1,0)&"" -> リアルタイム (101) | G34: =VLOOKUP($C27,'2025年度(3年前期)'!$B$5:$N$208,COLUMN('2025年度(3年前期)'!$E$5)+1,0)&"" -> 大講義室 | I34: =VLOOKUP($C27,'2025年度(4年前期)'!$B$5:$N$208,COLUMN('2025年度(4年前期)'!$E$5)+1,0)&"" -> 成育：302 長寿:臨床2 | K34: =VLOOKUP($C27,'2025年度(助産前期)'!$B$5:$N$208,COLUMN('2025年度(助産前期)'!$E$5)+1,0)&"" | M34: =VLOOKUP($C27,'2025年度(M1前期)'!$B$5:$N$208,COLUMN('2025年度(M1前期)'!$E$5)+1,0)&"" -> 臨床講義室1(合同) | O34: =VLOOKUP($C27,'2025年度(M2前期)'!$B$5:$N$208,COLUMN('2025年度(M2前期)'!$E$5)+1,0)&"" -> 成育:別途指定 成人:別途指定 | Q34: =VLOOKUP($C27,'2025年度(D1前期)'!$B$5:$N$208,COLUMN('2025年度(D1前期)'!$E$5)+1,0)&"" | S34: =VLOOKUP($C27,'2025年度(D23前期)'!$B$5:$N$208,COLUMN('2025年度(D23前期)'!$E$5)+1,0)&""
B35: 備 考
A36: 昼休み（12：30～13：30） | B36: 活動名 | Z36: =A36 -> 昼休み（12：30～13：30） | AN36: 修学支援 | AX36: 統合演習（成育） | BB36: 統合演習(長寿)
B37: 責任者
B38: 使用教室
B39: 備 考
A40: ３時限（13：30～15：00） | B40: 科目名 | C40: =VLOOKUP($C27,'2025年度(1年前期)'!$B$5:$N$208,COLUMN('2025年度(1年前期)'!$G$5),0)&"" -> B型肝炎① 14:00～15:00 (Bグループは早めに受ける) | E40: =VLOOKUP($C27,'2025年度(2年前期)'!$B$5:$N$208,COLUMN('2025年度(2年前期)'!$G$5),0)&"" -> フィジカルアセスメント | G40: =VLOOKUP($C27,'2025年度(3年前期)'!$B$5:$N$208,COLUMN('2025年度(3年前期)'!$G$5),0)&"" -> 地域･在宅看護学実践論 | I40: =VLOOKUP($C27,'2025年度(4年前期)'!$B$5:$N$208,COLUMN('2025年度(4年前期)'!$G$5),0)&"" -> 看護学統合 演習・実習(N95マスクフィットテスト) | K40: =VLOOKUP($C27,'2025年度(助産前期)'!$B$5:$N$208,COLUMN('2025年度(助産前期)'!$G$5),0)&"" | M40: =VLOOKUP($C27,'2025年度(M1前期)'!$B$5:$N$208,COLUMN('2025年度(M1前期)'!$G$5),0)&"" | O40: =VLOOKUP($C27,'2025年度(M2前期)'!$B$5:$N$208,COLUMN('2025年度(M2前期)'!$G$5),0)&"" -> 特別研究 | Q40: =VLOOKUP($C27,'2025年度(D1前期)'!$B$5:$N$208,COLUMN('2025年度(D1前期)'!$G$5),0)&"" -> 国際看護学特論Ｂ | S40: =VLOOKUP($C27,'2025年度(D23前期)'!$B$5:$N$208,COLUMN('2025年度(D23前期)'!$G$5),0)&"" -> 特別研究 | Z40: =A40 -> ３時限（13：30～15：00） | AA40: N95マスクフィットテスト | AE40: N95マスクフィットテスト | AH40: フィジカルアセスメント | AI40: フィジカルアセスメント | AL40: フィジカルアセスメント | AN40: 修学支援 | AX40: 統合演習（成育） | BB40: 統合演習(長寿) | BN40: 地域･在宅看護学実践論
B41: 教 官 | C41: =IFERROR(VLOOKUP(C40,科目・教員!$A$1:$B$357,2,0),"") | E41: =IFERROR(VLOOKUP(E40,科目・教員!$A$1:$B$357,2,0),"") -> 梅田 亜矢 | G41: =IFERROR(VLOOKUP(G40,科目・教員!$A$1:$B$357,2,0),"") -> 藤田 淳子 | I41: =IFERROR(VLOOKUP(I40,科目・教員!$A$1:$B$357,2,0),"") | K41: =IFERROR(VLOOKUP(K40,科目・教員!$A$1:$B$357,2,0),"") | M41: =IFERROR(VLOOKUP(M40,科目・教員!$A$1:$B$357,2,0),"") | O41: =IFERROR(VLOOKUP(O40,科目・教員!$A$1:$B$357,2,0),"") | Q41: =IFERROR(VLOOKUP(Q40,科目・教員!$A$1:$B$357,2,0),"") | S41: =IFERROR(VLOOKUP(S40,科目・教員!$A$1:$B$357,2,0),"")
B42: 使用教室 | C42: =VLOOKUP($C27,'2025年度(1年前期)'!$B$5:$N$208,COLUMN('2025年度(1年前期)'!$G$5)+1,0)&"" | E42: =VLOOKUP($C27,'2025年度(2年前期)'!$B$5:$N$208,COLUMN('2025年度(2年前期)'!$G$5)+1,0)&"" -> 202･203･基礎実 | G42: =VLOOKUP($C27,'2025年度(3年前期)'!$B$5:$N$208,COLUMN('2025年度(3年前期)'!$G$5)+1,0)&"" -> 大講義室 | I42: =VLOOKUP($C27,'2025年度(4年前期)'!$B$5:$N$208,COLUMN('2025年度(4年前期)'!$G$5)+1,0)&"" -> N95:101･成人実、成育：302 長寿:臨床2 | K42: =VLOOKUP($C27,'2025年度(助産前期)'!$B$5:$N$208,COLUMN('2025年度(助産前期)'!$G$5)+1,0)&"" | M42: =VLOOKUP($C27,'2025年度(M1前期)'!$B$5:$N$208,COLUMN('2025年度(M1前期)'!$G$5)+1,0)&"" | O42: =VLOOKUP($C27,'2025年度(M2前期)'!$B$5:$N$208,COLUMN('2025年度(M2前期)'!$G$5)+1,0)&"" | Q42: =VLOOKUP($C27,'2025年度(D1前期)'!$B$5:$N$208,COLUMN('2025年度(D1前期)'!$G$5)+1,0)&"" -> 別途指定 | S42: =VLOOKUP($C27,'2025年度(D23前期)'!$B$5:$N$208,COLUMN('2025年度(D23前期)'!$G$5)+1,0)&""
B43: 備 考
A44: ４時限（15：10～16：40） | B44: 科目名 | C44: =VLOOKUP($C27,'2025年度(1年前期)'!$B$5:$N$208,COLUMN('2025年度(1年前期)'!$I$5),0)&"" | E44: =VLOOKUP($C27,'2025年度(2年前期)'!$B$5:$N$208,COLUMN('2025年度(2年前期)'!$I$5),0)&"" -> フィジカルアセスメント | G44: =VLOOKUP($C27,'2025年度(3年前期)'!$B$5:$N$208,COLUMN('2025年度(3年前期)'!$I$5),0)&"" | I44: =VLOOKUP($C27,'2025年度(4年前期)'!$B$5:$N$208,COLUMN('2025年度(4年前期)'!$I$5),0)&"" -> 看護学統合 演習・実習(N95マスクフィットテスト) | K44: =VLOOKUP($C27,'2025年度(助産前期)'!$B$5:$N$208,COLUMN('2025年度(助産前期)'!$I$5),0)&"" | M44: =VLOOKUP($C27,'2025年度(M1前期)'!$B$5:$N$208,COLUMN('2025年度(M1前期)'!$I$5),0)&"" | O44: =VLOOKUP($C27,'2025年度(M2前期)'!$B$5:$N$208,COLUMN('2025年度(M2前期)'!$I$5),0)&"" -> 特別研究 | Q44: =VLOOKUP($C27,'2025年度(D1前期)'!$B$5:$N$208,COLUMN('2025年度(D1前期)'!$I$5),0)&"" -> 国際看護学特論Ｂ | S44: =VLOOKUP($C27,'2025年度(D23前期)'!$B$5:$N$208,COLUMN('2025年度(D23前期)'!$I$5),0)&"" -> 特別研究 | Z44: =A44 -> ４時限（15：10～16：40） | AA44: N95マスクフィットテスト | AE44: N95マスクフィットテスト | AH44: フィジカルアセスメント | AI44: フィジカルアセスメント | AL44: フィジカルアセスメント | AN44: 修学支援 | AX44: 統合演習（成育） | BB44: 統合演習(長寿)
B45: 教 官 | C45: =IFERROR(VLOOKUP(C44,科目・教員!$A$1:$B$357,2,0),"") | E45: =IFERROR(VLOOKUP(E44,科目・教員!$A$1:$B$357,2,0),"") -> 梅田 亜矢 | G45: =IFERROR(VLOOKUP(G44,科目・教員!$A$1:$B$357,2,0),"") | I45: =IFERROR(VLOOKUP(I44,科目・教員!$A$1:$B$357,2,0),"") | K45: =IFERROR(VLOOKUP(K44,科目・教員!$A$1:$B$357,2,0),"") | M45: =IFERROR(VLOOKUP(M44,科目・教員!$A$1:$B$357,2,0),"") | O45: =IFERROR(VLOOKUP(O44,科目・教員!$A$1:$B$357,2,0),"") | Q45: =IFERROR(VLOOKUP(Q44,科目・教員!$A$1:$B$357,2,0),"") | S45: =IFERROR(VLOOKUP(S44,科目・教員!$A$1:$B$357,2,0),"")
B46: 使用教室 | C46: =VLOOKUP($C27,'2025年度(1年前期)'!$B$5:$N$208,COLUMN('2025年度(1年前期)'!$I$5)+1,0)&"" | E46: =VLOOKUP($C27,'2025年度(2年前期)'!$B$5:$N$208,COLUMN('2025年度(2年前期)'!$I$5)+1,0)&"" -> 202･203･基礎実 | G46: =VLOOKUP($C27,'2025年度(3年前期)'!$B$5:$N$208,COLUMN('2025年度(3年前期)'!$I$5)+1,0)&"" | I46: =VLOOKUP($C27,'2025年度(4年前期)'!$B$5:$N$208,COLUMN('2025年度(4年前期)'!$I$5)+1,0)&"" -> N95:101･成人実、成育：302 長寿:臨床2 | K46: =VLOOKUP($C27,'2025年度(助産前期)'!$B$5:$N$208,COLUMN('2025年度(助産前期)'!$I$5)+1,0)&"" | M46: =VLOOKUP($C27,'2025年度(M1前期)'!$B$5:$N$208,COLUMN('2025年度(M1前期)'!$I$5)+1,0)&"" | O46: =VLOOKUP($C27,'2025年度(M2前期)'!$B$5:$N$208,COLUMN('2025年度(M2前期)'!$I$5)+1,0)&"" | Q46: =VLOOKUP($C27,'2025年度(D1前期)'!$B$5:$N$208,COLUMN('2025年度(D1前期)'!$I$5)+1,0)&"" -> 別途指定 | S46: =VLOOKUP($C27,'2025年度(D23前期)'!$B$5:$N$208,COLUMN('2025年度(D23前期)'!$I$5)+1,0)&""
B47: 備 考
A48: ５時限（16：50～18：20） | B48: 科目名 | C48: =VLOOKUP($C27,'2025年度(1年前期)'!$B$5:$N$208,COLUMN('2025年度(1年前期)'!$K$5),0)&"" | E48: =VLOOKUP($C27,'2025年度(2年前期)'!$B$5:$N$208,COLUMN('2025年度(2年前期)'!$K$5),0)&"" | G48: =VLOOKUP($C27,'2025年度(3年前期)'!$B$5:$N$208,COLUMN('2025年度(3年前期)'!$K$5),0)&"" | I48: =VLOOKUP($C27,'2025年度(4年前期)'!$B$5:$N$208,COLUMN('2025年度(4年前期)'!$K$5),0)&"" -> 看護学統合 演習・実習(長寿) | K48: =VLOOKUP($C27,'2025年度(助産前期)'!$B$5:$N$208,COLUMN('2025年度(助産前期)'!$K$5),0)&"" | M48: =VLOOKUP($C27,'2025年度(M1前期)'!$B$5:$N$208,COLUMN('2025年度(M1前期)'!$K$5),0)&"" | O48: =VLOOKUP($C27,'2025年度(M2前期)'!$B$5:$N$208,COLUMN('2025年度(M2前期)'!$K$5),0)&"" | Q48: =VLOOKUP($C27,'2025年度(D1前期)'!$B$5:$N$208,COLUMN('2025年度(D1前期)'!$K$5),0)&"" | S48: =VLOOKUP($C27,'2025年度(D23前期)'!$B$5:$N$208,COLUMN('2025年度(D23前期)'!$K$5),0)&"" | Z48: =A48 -> ５時限（16：50～18：20） | BB48: 統合演習(長寿)
B49: 教 官 | C49: =IFERROR(VLOOKUP(C48,科目・教員!$A$1:$B$357,2,0),"") | E49: =IFERROR(VLOOKUP(E48,科目・教員!$A$1:$B$357,2,0),"") | G49: =IFERROR(VLOOKUP(G48,科目・教員!$A$1:$B$357,2,0),"") | I49: =IFERROR(VLOOKUP(I48,科目・教員!$A$1:$B$357,2,0),"") | K49: =IFERROR(VLOOKUP(K48,科目・教員!$A$1:$B$357,2,0),"") | M49: =IFERROR(VLOOKUP(M48,科目・教員!$A$1:$B$357,2,0),"") | O49: =IFERROR(VLOOKUP(O48,科目・教員!$A$1:$B$357,2,0),"") | Q49: =IFERROR(VLOOKUP(Q48,科目・教員!$A$1:$B$357,2,0),"") | S49: =IFERROR(VLOOKUP(S48,科目・教員!$A$1:$B$357,2,0),"")
B50: 使用教室 | C50: =VLOOKUP($C27,'2025年度(1年前期)'!$B$5:$N$208,COLUMN('2025年度(1年前期)'!$K$5)+1,0)&"" | E50: =VLOOKUP($C27,'2025年度(2年前期)'!$B$5:$N$208,COLUMN('2025年度(2年前期)'!$K$5)+1,0)&"" | G50: =VLOOKUP($C27,'2025年度(3年前期)'!$B$5:$N$208,COLUMN('2025年度(3年前期)'!$K$5)+1,0)&"" | I50: =VLOOKUP($C27,'2025年度(4年前期)'!$B$5:$N$208,COLUMN('2025年度(4年前期)'!$K$5)+1,0)&"" -> 臨床2・成人実･在宅実 | K50: =VLOOKUP($C27,'2025年度(助産前期)'!$B$5:$N$208,COLUMN('2025年度(助産前期)'!$K$5)+1,0)&"" | M50: =VLOOKUP($C27,'2025年度(M1前期)'!$B$5:$N$208,COLUMN('2025年度(M1前期)'!$K$5)+1,0)&"" | O50: =VLOOKUP($C27,'2025年度(M2前期)'!$B$5:$N$208,COLUMN('2025年度(M2前期)'!$K$5)+1,0)&"" | Q50: =VLOOKUP($C27,'2025年度(D1前期)'!$B$5:$N$208,COLUMN('2025年度(D1前期)'!$K$5)+1,0)&"" | S50: =VLOOKUP($C27,'2025年度(D23前期)'!$B$5:$N$208,COLUMN('2025年度(D23前期)'!$K$5)+1,0)&""
B51: 備 考
C52: =C27+1 -> 45811 | U52: =C52 -> 45811 | AA52: 101 | AB52: 102 | AC52: 103 | AD52: 在宅実習室 | AE52: 成人実習室 | AF52: 講堂 | AG52: 201 | AH52: 202 | AI52: 203 | AJ52: 204 | AK52: 205 | AL52: 基礎実習室 | AM52: 母性・小児実習室 | AN52: 演習21 | AO52: 演習22 | AP52: 演習23 | AQ52: 演習24 | AR52: 演習25 | AS52: 演習26 | AT52: 演習27 | AU52: 演習28 | AV52: 演習29 | AW52: 301 | AX52: 302 | AY52: 303 | AZ52: 304 | BA52: 臨床１ | BB52: 臨床２ | BC52: LL1 | BD52: LL2 | BE52: 実験室 | BF52: 情報処理室 | BG52: 演習31 | BH52: 演習32 | BI52: セミナー室1 | BJ52: セミナー室2 | BK52: セミナー室3 | BL52: セミナー室4 | BM52: セミナー室5 | BN52: 大講義室 | BO52: アリーナ | BP52: 多目的ルーム | BQ52: 研修１ | BR52: 研修３ | BS52: 研修４ | BT52: 研修５ | BU52: 研修６ | BV52: 研修７ | BW52: 視聴覚室
A53: １時限（09：20～10：50） | B53: 科目名 | C53: =VLOOKUP($C52,'2025年度(1年前期)'!$B$5:$N$208,COLUMN('2025年度(1年前期)'!$C$5),0)&"" -> 生活援助論Ⅰ(ABCD) | E53: =VLOOKUP($C52,'2025年度(2年前期)'!$B$5:$N$208,COLUMN('2025年度(2年前期)'!$C$5),0)&"" -> 母性看護学概論 | G53: =VLOOKUP($C52,'2025年度(3年前期)'!$B$5:$N$208,COLUMN('2025年度(3年前期)'!$C$5),0)&"" | I53: =VLOOKUP($C52,'2025年度(4年前期)'!$B$5:$N$208,COLUMN('2025年度(4年前期)'!$C$5),0)&"" -> 看護学統合 演習・実習 | K53: =VLOOKUP($C52,'2025年度(助産前期)'!$B$5:$N$208,COLUMN('2025年度(助産前期)'!$C$5),0)&"" | M53: =VLOOKUP($C52,'2025年度(M1前期)'!$B$5:$N$208,COLUMN('2025年度(M1前期)'!$C$5),0)&"" -> 看護教育学特論Ａ－Ⅰ 感染管理看護学特論Ａ－Ⅰ 成人看護学特論Ａ－Ⅰ がん看護学特論Ａ－Ⅰ | O53: =VLOOKUP($C52,'2025年度(M2前期)'!$B$5:$N$208,COLUMN('2025年度(M2前期)'!$C$5),0)&"" -> 精神看護学演習Ａ－Ⅲ | Q53: =VLOOKUP($C52,'2025年度(D1前期)'!$B$5:$N$208,COLUMN('2025年度(D1前期)'!$C$5),0)&"" | S53: =VLOOKUP($C52,'2025年度(D23前期)'!$B$5:$N$208,COLUMN('2025年度(D23前期)'!$C$5),0)&"" -> 特別研究 | U53: 1～4限 | V53: 1～5限 | W53: 9時～18時 | X53: 1限 | Y53: 1～4限 | Z53: =A53 -> １時限（09：20～10：50） | AA53: 母性看護学概論 | AB53: 統合演習(長寿) | AD53: 統合演習(長寿) | AE53: 統合演習(長寿) | AG53: 生活援助論Ⅰ | AH53: 生活援助論Ⅰ | AL53: 生活援助論Ⅰ | AN53: 修学支援 | AX53: 統合演習（成育） | BA53: 精神看護学演習Ａ－Ⅲ | BB53: 成人看護学特論A-Ⅰ | BI53: 看護教育学特論A-Ⅰ | BJ53: 感染管理看護学特論A-Ⅰ | BL53: D3坂口
B54: 教 官 | C54: =IFERROR(VLOOKUP(C53,科目・教員!$A$1:$B$357,2,0),"") -> 森下 純子 | E54: =IFERROR(VLOOKUP(E53,科目・教員!$A$1:$B$357,2,0),"") -> 日置 智華子 | G54: =IFERROR(VLOOKUP(G53,科目・教員!$A$1:$B$357,2,0),"") | I54: =IFERROR(VLOOKUP(I53,科目・教員!$A$1:$B$357,2,0),"") | K54: =IFERROR(VLOOKUP(K53,科目・教員!$A$1:$B$357,2,0),"") | M54: =IFERROR(VLOOKUP(M53,科目・教員!$A$1:$B$357,2,0),"") | O54: =IFERROR(VLOOKUP(O53,科目・教員!$A$1:$B$357,2,0),"") | Q54: =IFERROR(VLOOKUP(Q53,科目・教員!$A$1:$B$357,2,0),"") | S54: =IFERROR(VLOOKUP(S53,科目・教員!$A$1:$B$357,2,0),"") | U54: 統合演習（成育） | V54: 統合演習(長寿) | W54: フィジカルアセスメント | X54: 先駆的臨床看護学 | Y54: 修学支援
B55: 使用教室 | C55: =VLOOKUP($C52,'2025年度(1年前期)'!$B$5:$N$208,COLUMN('2025年度(1年前期)'!$C$5)+1,0)&"" -> 201･202･基礎実 | E55: =VLOOKUP($C52,'2025年度(2年前期)'!$B$5:$N$208,COLUMN('2025年度(2年前期)'!$C$5)+1,0)&"" -> 101 | G55: =VLOOKUP($C52,'2025年度(3年前期)'!$B$5:$N$208,COLUMN('2025年度(3年前期)'!$C$5)+1,0)&"" | I55: =VLOOKUP($C52,'2025年度(4年前期)'!$B$5:$N$208,COLUMN('2025年度(4年前期)'!$C$5)+1,0)&"" -> 成育：302 長寿:102･成人実･在宅実 | K55: =VLOOKUP($C52,'2025年度(助産前期)'!$B$5:$N$208,COLUMN('2025年度(助産前期)'!$C$5)+1,0)&"" | M55: =VLOOKUP($C52,'2025年度(M1前期)'!$B$5:$N$208,COLUMN('2025年度(M1前期)'!C$5)+1,0)&"" -> 教育:セミナールーム1 感染:セミナールーム2 成人:臨床講義室2 がん:別途指定 | O55: =VLOOKUP($C52,'2025年度(M2前期)'!$B$5:$N$208,COLUMN('2025年度(M2前期)'!$C$5)+1,0)&"" -> 臨床講義室1 | Q55: =VLOOKUP($C52,'2025年度(D1前期)'!$B$5:$N$208,COLUMN('2025年度(D1前期)'!$C$5)+1,0)&"" | S55: =VLOOKUP($C52,'2025年度(D23前期)'!$B$5:$N$208,COLUMN('2025年度(D23前期)'!$C$5)+1,0)&"" | U55: 野村先生 | V55: 102･在宅実･成人実 | W55: 自主練 | X55: D3坂口 | Y55: 演習21
B56: 備 考 | U56: 302教室 | V56: 松岡先生 | W56: 長岡先生 | X56: セミナールーム4 | Y56: 教務係
A57: ２時限（11：00～12：30） | B57: 科目名 | C57: =VLOOKUP($C52,'2025年度(1年前期)'!$B$5:$N$208,COLUMN('2025年度(1年前期)'!$E$5),0)&"" -> 生活援助論Ⅰ (ABCD) | E57: =VLOOKUP($C52,'2025年度(2年前期)'!$B$5:$N$208,COLUMN('2025年度(2年前期)'!$E$5),0)&"" -> 家族看護学 | G57: =VLOOKUP($C52,'2025年度(3年前期)'!$B$5:$N$208,COLUMN('2025年度(3年前期)'!$E$5),0)&"" -> 周産期看護 | I57: =VLOOKUP($C52,'2025年度(4年前期)'!$B$5:$N$208,COLUMN('2025年度(4年前期)'!$E$5),0)&"" -> 看護学統合 演習・実習 | K57: =VLOOKUP($C52,'2025年度(助産前期)'!$B$5:$N$208,COLUMN('2025年度(助産前期)'!$E$5),0)&"" | M57: =VLOOKUP($C52,'2025年度(M1前期)'!$B$5:$N$208,COLUMN('2025年度(M1前期)'!$E$5),0)&"" -> 看護教育学特論Ａ－Ⅰ 感染管理看護学特論Ａ－Ⅰ 成人看護学特論Ａ－Ⅰ がん看護学特論Ａ－Ⅰ | O57: =VLOOKUP($C52,'2025年度(M2前期)'!$B$5:$N$208,COLUMN('2025年度(M2前期)'!$E$5),0)&"" -> 精神看護学演習Ａ－Ⅲ | Q57: =VLOOKUP($C52,'2025年度(D1前期)'!$B$5:$N$208,COLUMN('2025年度(D1前期)'!$E$5),0)&"" | S57: =VLOOKUP($C52,'2025年度(D23前期)'!$B$5:$N$208,COLUMN('2025年度(D23前期)'!$E$5),0)&"" -> 特別研究 | U57: 2限 | V57: 2限 | W57: 成人実習室 | X57: 2限 | Z57: =A57 -> ２時限（11：00～12：30） | AA57: 家族看護学 | AB57: 統合演習(長寿) | AD57: 統合演習(長寿) | AE57: 統合演習(長寿) | AG57: 生活援助論Ⅰ | AH57: 生活援助論Ⅰ | AL57: 生活援助論Ⅰ | AM57: 統合演習（成育） | AN57: 修学支援 | AW57: 周産期看護 | AX57: 統合演習（成育） | AZ57: 杉山先生卒研 | BA57: 精神看護学演習Ａ－Ⅲ | BB57: 成人看護学特論A-Ⅰ | BG57: M2亀山 | BI57: 看護教育学特論A-Ⅰ | BJ57: 感染管理看護学特論A-Ⅰ | BL57: 感染管理看護学
B58: 教 官 | C58: =IFERROR(VLOOKUP(C57,科目・教員!$A$1:$B$357,2,0),"") | E58: =IFERROR(VLOOKUP(E57,科目・教員!$A$1:$B$357,2,0),"") -> 藤田 淳子 | G58: =IFERROR(VLOOKUP(G57,科目・教員!$A$1:$B$357,2,0),"") -> 日置 智華子 | I58: =IFERROR(VLOOKUP(I57,科目・教員!$A$1:$B$357,2,0),"") | K58: =IFERROR(VLOOKUP(K57,科目・教員!$A$1:$B$357,2,0),"") | M58: =IFERROR(VLOOKUP(M57,科目・教員!$A$1:$B$357,2,0),"") | O58: =IFERROR(VLOOKUP(O57,科目・教員!$A$1:$B$357,2,0),"") | Q58: =IFERROR(VLOOKUP(Q57,科目・教員!$A$1:$B$357,2,0),"") | S58: =IFERROR(VLOOKUP(S57,科目・教員!$A$1:$B$357,2,0),"") | U58: 統合演習（成育） | V58: 杉山先生卒研 | X58: 感染管理看護学
B59: 使用教室 | C59: =VLOOKUP($C52,'2025年度(1年前期)'!$B$5:$N$208,COLUMN('2025年度(1年前期)'!$E$5)+1,0)&"" -> 201･202･基礎実 | E59: =VLOOKUP($C52,'2025年度(2年前期)'!$B$5:$N$208,COLUMN('2025年度(2年前期)'!$E$5)+1,0)&"" -> 101 | G59: =VLOOKUP($C52,'2025年度(3年前期)'!$B$5:$N$208,COLUMN('2025年度(3年前期)'!$E$5)+1,0)&"" -> 301 | I59: =VLOOKUP($C52,'2025年度(4年前期)'!$B$5:$N$208,COLUMN('2025年度(4年前期)'!$E$5)+1,0)&"" -> 成育：302 長寿:102･成人実･在宅実 | K59: =VLOOKUP($C52,'2025年度(助産前期)'!$B$5:$N$208,COLUMN('2025年度(助産前期)'!$E$5)+1,0)&"" | M59: =VLOOKUP($C52,'2025年度(M1前期)'!$B$5:$N$208,COLUMN('2025年度(M1前期)'!$E$5)+1,0)&"" -> 教育:セミナールーム1 感染:セミナールーム2 成人:臨床講義室2 がん:別途指定 | O59: =VLOOKUP($C52,'2025年度(M2前期)'!$B$5:$N$208,COLUMN('2025年度(M2前期)'!$E$5)+1,0)&"" -> 臨床講義室1 | Q59: =VLOOKUP($C52,'2025年度(D1前期)'!$B$5:$N$208,COLUMN('2025年度(D1前期)'!$E$5)+1,0)&"" | S59: =VLOOKUP($C52,'2025年度(D23前期)'!$B$5:$N$208,COLUMN('2025年度(D23前期)'!$E$5)+1,0)&"" | U59: 野村先生 | V59: 304教室 | W59: 2限 | X59: セミナールーム4
B60: 備 考 | U60: 母性小児実習室 | W60: 看護情報・管理学特別研究 | X60: M2 横川
A61: 昼休み（12：30～13：30） | B61: 活動名 | W61: M2亀山 | Z61: =A61 -> 昼休み（12：30～13：30） | AB61: 統合演習(長寿) | AD61: 統合演習(長寿) | AE61: 統合演習(長寿) | AN61: 修学支援 | AX61: 統合演習（成育）
B62: 責任者 | W62: 演習室31
B63: 使用教室
B64: 備 考
A65: ３時限（13：30～15：00） | B65: 科目名 | C65: =VLOOKUP($C52,'2025年度(1年前期)'!$B$5:$N$208,COLUMN('2025年度(1年前期)'!$G$5),0)&"" -> 人体の構造と機能Ⅰ | E65: =VLOOKUP($C52,'2025年度(2年前期)'!$B$5:$N$208,COLUMN('2025年度(2年前期)'!$G$5),0)&"" -> 保健･医療･福祉システム | G65: =VLOOKUP($C52,'2025年度(3年前期)'!$B$5:$N$208,COLUMN('2025年度(3年前期)'!$G$5),0)&"" -> 小児看護援助論Ⅱ | I65: =VLOOKUP($C52,'2025年度(4年前期)'!$B$5:$N$208,COLUMN('2025年度(4年前期)'!$G$5),0)&"" -> 看護学統合 演習・実習 | K65: =VLOOKUP($C52,'2025年度(助産前期)'!$B$5:$N$208,COLUMN('2025年度(助産前期)'!$G$5),0)&"" | M65: =VLOOKUP($C52,'2025年度(M1前期)'!$B$5:$N$208,COLUMN('2025年度(M1前期)'!$G$5),0)&"" -> 精神看護学特論Ａ－Ⅰ 微生物学特論 | O65: =VLOOKUP($C52,'2025年度(M2前期)'!$B$5:$N$208,COLUMN('2025年度(M2前期)'!$G$5),0)&"" -> 特別研究 | Q65: =VLOOKUP($C52,'2025年度(D1前期)'!$B$5:$N$208,COLUMN('2025年度(D1前期)'!$G$5),0)&"" -> 長寿看護学特論Ｂ 感染管理看護学特論Ｂ 成人看護学特論Ｂ | S65: =VLOOKUP($C52,'2025年度(D23前期)'!$B$5:$N$208,COLUMN('2025年度(D23前期)'!$G$5),0)&"" -> 特別研究 | U65: 3～4限 | V65: 3限 | Z65: =A65 -> ３時限（13：30～15：00） | AA65: 保健･医療･福祉システム | AB65: 統合演習(長寿) | AD65: 統合演習(長寿) | AE65: 統合演習(長寿) | AG65: 人体の構造と機能Ⅰ | AN65: 修学支援 | AW65: 小児看護援助論Ⅱ | AX65: 統合演習（成育） | BA65: 精神看護学特論A-Ⅰ | BB65: 感染管理看護学講義 | BI65: M2亀山 | BJ65: 成人看護学特論B
B66: 教 官 | C66: =IFERROR(VLOOKUP(C65,科目・教員!$A$1:$B$357,2,0),"") -> 本間 典子 | E66: =IFERROR(VLOOKUP(E65,科目・教員!$A$1:$B$357,2,0),"") -> 渡辺 幹司 | G66: =IFERROR(VLOOKUP(G65,科目・教員!$A$1:$B$357,2,0),"") -> 遠藤 数江 | I66: =IFERROR(VLOOKUP(I65,科目・教員!$A$1:$B$357,2,0),"") | K66: =IFERROR(VLOOKUP(K65,科目・教員!$A$1:$B$357,2,0),"") | M66: =IFERROR(VLOOKUP(M65,科目・教員!$A$1:$B$357,2,0),"") | O66: =IFERROR(VLOOKUP(O65,科目・教員!$A$1:$B$357,2,0),"") | Q66: =IFERROR(VLOOKUP(Q65,科目・教員!$A$1:$B$357,2,0),"") | S66: =IFERROR(VLOOKUP(S65,科目・教員!$A$1:$B$357,2,0),"") | U66: 感染管理看護学講義 | V66: 看護情報・管理学特別研究
B67: 使用教室 | C67: =VLOOKUP($C52,'2025年度(1年前期)'!$B$5:$N$208,COLUMN('2025年度(1年前期)'!$G$5)+1,0)&"" -> 201 | E67: =VLOOKUP($C52,'2025年度(2年前期)'!$B$5:$N$208,COLUMN('2025年度(2年前期)'!$G$5)+1,0)&"" -> 101 | G67: =VLOOKUP($C52,'2025年度(3年前期)'!$B$5:$N$208,COLUMN('2025年度(3年前期)'!$G$5)+1,0)&"" -> 301 | I67: =VLOOKUP($C52,'2025年度(4年前期)'!$B$5:$N$208,COLUMN('2025年度(4年前期)'!$G$5)+1,0)&"" -> 成育：302 長寿:102･成人実･在宅実 | K67: =VLOOKUP($C52,'2025年度(助産前期)'!$B$5:$N$208,COLUMN('2025年度(助産前期)'!$G$5)+1,0)&"" | M67: =VLOOKUP($C52,'2025年度(M1前期)'!$B$5:$N$208,COLUMN('2025年度(M1前期)'!$G$5)+1,0)&"" -> 精神:臨床講義室1 微生物:別途指定 | O67: =VLOOKUP($C52,'2025年度(M2前期)'!$B$5:$N$208,COLUMN('2025年度(M2前期)'!$G$5)+1,0)&"" | Q67: =VLOOKUP($C52,'2025年度(D1前期)'!$B$5:$N$208,COLUMN('2025年度(D1前期)'!$G$5)+1,0)&"" -> 長寿:別途指定 感染:別途指定 成人:セミナールーム2 | S67: =VLOOKUP($C52,'2025年度(D23前期)'!$B$5:$N$208,COLUMN('2025年度(D23前期)'!$G$5)+1,0)&"" | U67: 森(那)先生 | V67: M2亀山
B68: 備 考 | U68: 臨床講義室2 | V68: セミナールーム1
A69: ４時限（15：10～16：40） | B69: 科目名 | C69: =VLOOKUP($C52,'2025年度(1年前期)'!$B$5:$N$208,COLUMN('2025年度(1年前期)'!$I$5),0)&"" -> スペイン語 | E69: =VLOOKUP($C52,'2025年度(2年前期)'!$B$5:$N$208,COLUMN('2025年度(2年前期)'!$I$5),0)&"" | G69: =VLOOKUP($C52,'2025年度(3年前期)'!$B$5:$N$208,COLUMN('2025年度(3年前期)'!$I$5),0)&"" -> 小児看護援助論Ⅱ | I69: =VLOOKUP($C52,'2025年度(4年前期)'!$B$5:$N$208,COLUMN('2025年度(4年前期)'!$I$5),0)&"" -> 看護学統合 演習・実習 | K69: =VLOOKUP($C52,'2025年度(助産前期)'!$B$5:$N$208,COLUMN('2025年度(助産前期)'!$I$5),0)&"" | M69: =VLOOKUP($C52,'2025年度(M1前期)'!$B$5:$N$208,COLUMN('2025年度(M1前期)'!$I$5),0)&"" -> 精神看護学特論Ａ－Ⅰ 微生物学特論 | O69: =VLOOKUP($C52,'2025年度(M2前期)'!$B$5:$N$208,COLUMN('2025年度(M2前期)'!$I$5),0)&"" -> 特別研究 | Q69: =VLOOKUP($C52,'2025年度(D1前期)'!$B$5:$N$208,COLUMN('2025年度(D1前期)'!$I$5),0)&"" -> 長寿看護学特論Ｂ 感染管理看護学特論Ｂ 成人看護学特論Ｂ | S69: =VLOOKUP($C52,'2025年度(D23前期)'!$B$5:$N$208,COLUMN('2025年度(D23前期)'!$I$5),0)&"" -> 特別研究 | V69: 4限 | Z69: =A69 -> ４時限（15：10～16：40） | AB69: 統合演習(長寿) | AD69: 統合演習(長寿) | AE69: 統合演習(長寿) | AG69: スペイン語 | AN69: 修学支援 | AW69: 小児看護援助論Ⅱ | AX69: 統合演習（成育） | BA69: 精神看護学特論A-Ⅰ | BB69: 感染管理看護学講義 | BI69: M2工藤 | BJ69: 成人看護学特論B
B70: 教 官 | C70: =IFERROR(VLOOKUP(C69,科目・教員!$A$1:$B$357,2,0),"") -> 上村 淳志 | E70: =IFERROR(VLOOKUP(E69,科目・教員!$A$1:$B$357,2,0),"") | G70: =IFERROR(VLOOKUP(G69,科目・教員!$A$1:$B$357,2,0),"") -> 遠藤 数江 | I70: =IFERROR(VLOOKUP(I69,科目・教員!$A$1:$B$357,2,0),"") | K70: =IFERROR(VLOOKUP(K69,科目・教員!$A$1:$B$357,2,0),"") | M70: =IFERROR(VLOOKUP(M69,科目・教員!$A$1:$B$357,2,0),"") | O70: =IFERROR(VLOOKUP(O69,科目・教員!$A$1:$B$357,2,0),"") | Q70: =IFERROR(VLOOKUP(Q69,科目・教員!$A$1:$B$357,2,0),"") | S70: =IFERROR(VLOOKUP(S69,科目・教員!$A$1:$B$357,2,0),"") | V70: 感染管理看護学ゼミ
B71: 使用教室 | C71: =VLOOKUP($C52,'2025年度(1年前期)'!$B$5:$N$208,COLUMN('2025年度(1年前期)'!$I$5)+1,0)&"" -> 201 | E71: =VLOOKUP($C52,'2025年度(2年前期)'!$B$5:$N$208,COLUMN('2025年度(2年前期)'!$I$5)+1,0)&"" | G71: =VLOOKUP($C52,'2025年度(3年前期)'!$B$5:$N$208,COLUMN('2025年度(3年前期)'!$I$5)+1,0)&"" -> 301 | I71: =VLOOKUP($C52,'2025年度(4年前期)'!$B$5:$N$208,COLUMN('2025年度(4年前期)'!$I$5)+1,0)&"" -> 成育：302 長寿:102･成人実･在宅実 | K71: =VLOOKUP($C52,'2025年度(助産前期)'!$B$5:$N$208,COLUMN('2025年度(助産前期)'!$I$5)+1,0)&"" | M71: =VLOOKUP($C52,'2025年度(M1前期)'!$B$5:$N$208,COLUMN('2025年度(M1前期)'!$I$5)+1,0)&"" -> 精神:臨床講義室1 微生物:別途指定 | O71: =VLOOKUP($C52,'2025年度(M2前期)'!$B$5:$N$208,COLUMN('2025年度(M2前期)'!$I$5)+1,0)&"" | Q71: =VLOOKUP($C52,'2025年度(D1前期)'!$B$5:$N$208,COLUMN('2025年度(D1前期)'!$I$5)+1,0)&"" -> 長寿:別途指定 感染:別途指定 成人:セミナールーム2 | S71: =VLOOKUP($C52,'2025年度(D23前期)'!$B$5:$N$208,COLUMN('2025年度(D23前期)'!$I$5)+1,0)&"" | V71: M2工藤
B72: 備 考 | C72: 非常勤講師控室A | V72: セミナールーム1
A73: ５時限（16：50～18：20） | B73: 科目名 | C73: =VLOOKUP($C52,'2025年度(1年前期)'!$B$5:$N$208,COLUMN('2025年度(1年前期)'!$K$5),0)&"" -> スペイン語 | E73: =VLOOKUP($C52,'2025年度(2年前期)'!$B$5:$N$208,COLUMN('2025年度(2年前期)'!$K$5),0)&"" | G73: =VLOOKUP($C52,'2025年度(3年前期)'!$B$5:$N$208,COLUMN('2025年度(3年前期)'!$K$5),0)&"" | I73: =VLOOKUP($C52,'2025年度(4年前期)'!$B$5:$N$208,COLUMN('2025年度(4年前期)'!$K$5),0)&"" -> 看護学統合 演習・実習(長寿) | K73: =VLOOKUP($C52,'2025年度(助産前期)'!$B$5:$N$208,COLUMN('2025年度(助産前期)'!$K$5),0)&"" | M73: =VLOOKUP($C52,'2025年度(M1前期)'!$B$5:$N$208,COLUMN('2025年度(M1前期)'!$K$5),0)&"" | O73: =VLOOKUP($C52,'2025年度(M2前期)'!$B$5:$N$208,COLUMN('2025年度(M2前期)'!$K$5),0)&"" | Q73: =VLOOKUP($C52,'2025年度(D1前期)'!$B$5:$N$208,COLUMN('2025年度(D1前期)'!$K$5),0)&"" | S73: =VLOOKUP($C52,'2025年度(D23前期)'!$B$5:$N$208,COLUMN('2025年度(D23前期)'!$K$5),0)&"" | U73: 5限 | V73: 5限 | W73: 5限 | X73: バトミントンサークル | Y73: 5限 | Z73: =A73 -> ５時限（16：50～18：20） | AA73: 口頭試問準備(臨床教員 堀内) | AB73: 統合演習(長寿) | AD73: 統合演習(長寿) | AE73: 統合演習(長寿) | AG73: スペイン語 | AW73: 研究課程部 感染管理看護科目 | AY73: 成育抗体価説明 | BI73: M2工藤 | BO73: バトミントンサークル
B74: 教 官 | C74: =IFERROR(VLOOKUP(C73,科目・教員!$A$1:$B$357,2,0),"") -> 上村 淳志 | E74: =IFERROR(VLOOKUP(E73,科目・教員!$A$1:$B$357,2,0),"") | G74: =IFERROR(VLOOKUP(G73,科目・教員!$A$1:$B$357,2,0),"") | I74: =IFERROR(VLOOKUP(I73,科目・教員!$A$1:$B$357,2,0),"") | K74: =IFERROR(VLOOKUP(K73,科目・教員!$A$1:$B$357,2,0),"") | M74: =IFERROR(VLOOKUP(M73,科目・教員!$A$1:$B$357,2,0),"") | O74: =IFERROR(VLOOKUP(O73,科目・教員!$A$1:$B$357,2,0),"") | Q74: =IFERROR(VLOOKUP(Q73,科目・教員!$A$1:$B$357,2,0),"") | S74: =IFERROR(VLOOKUP(S73,科目・教員!$A$1:$B$357,2,0),"") | U74: 研究課程部 感染管理看護科目 | V74: 学位授与機構口頭試問準備 | W74: 成育抗体価説明 | X74: アリーナ | Y74: 感染管理看護学ゼミ
B75: 使用教室 | C75: =VLOOKUP($C52,'2025年度(1年前期)'!$B$5:$N$208,COLUMN('2025年度(1年前期)'!$K$5)+1,0)&"" -> 201 | E75: =VLOOKUP($C52,'2025年度(2年前期)'!$B$5:$N$208,COLUMN('2025年度(2年前期)'!$K$5)+1,0)&"" | G75: =VLOOKUP($C52,'2025年度(3年前期)'!$B$5:$N$208,COLUMN('2025年度(3年前期)'!$K$5)+1,0)&"" | I75: =VLOOKUP($C52,'2025年度(4年前期)'!$B$5:$N$208,COLUMN('2025年度(4年前期)'!$K$5)+1,0)&"" -> 102･成人実･在宅実 | K75: =VLOOKUP($C52,'2025年度(助産前期)'!$B$5:$N$208,COLUMN('2025年度(助産前期)'!$K$5)+1,0)&"" | M75: =VLOOKUP($C52,'2025年度(M1前期)'!$B$5:$N$208,COLUMN('2025年度(M1前期)'!$K$5)+1,0)&"" | O75: =VLOOKUP($C52,'2025年度(M2前期)'!$B$5:$N$208,COLUMN('2025年度(M2前期)'!$K$5)+1,0)&"" | Q75: =VLOOKUP($C52,'2025年度(D1前期)'!$B$5:$N$208,COLUMN('2025年度(D1前期)'!$K$5)+1,0)&"" | S75: =VLOOKUP($C52,'2025年度(D23前期)'!$B$5:$N$208,COLUMN('2025年度(D23前期)'!$K$5)+1,0)&"" | U75: 301教室 | V75: 臨床教員 堀内 | W75: 303教室 | X75: 17：00～20：00 | Y75: M2工藤
B76: 備 考 | C76: 非常勤講師控室A | U76: 森(那)先生 | V76: 101教室 | W76: 遠藤(数)先生 | Y76: セミナールーム1
C77: =C52+1 -> 45812 | U77: =C77 -> 45812 | AA77: 101 | AB77: 102 | AC77: 103 | AD77: 在宅実習室 | AE77: 成人実習室 | AF77: 講堂 | AG77: 201 | AH77: 202 | AI77: 203 | AJ77: 204 | AK77: 205 | AL77: 基礎実習室 | AM77: 母性・小児実習室 | AN77: 演習21 | AO77: 演習22 | AP77: 演習23 | AQ77: 演習24 | AR77: 演習25 | AS77: 演習26 | AT77: 演習27 | AU77: 演習28 | AV77: 演習29 | AW77: 301 | AX77: 302 | AY77: 303 | AZ77: 304 | BA77: 臨床１ | BB77: 臨床２ | BC77: LL1 | BD77: LL2 | BE77: 実験室 | BF77: 情報処理室 | BG77: 演習31 | BH77: 演習32 | BI77: セミナー室1 | BJ77: セミナー室2 | BK77: セミナー室3 | BL77: セミナー室4 | BM77: セミナー室5 | BN77: 大講義室 | BO77: アリーナ | BP77: 多目的ルーム | BQ77: 研修１ | BR77: 研修３ | BS77: 研修４ | BT77: 研修５ | BU77: 研修６ | BV77: 研修７ | BW77: 視聴覚室
A78: １時限（09：20～10：50） | B78: 科目名 | C78: =VLOOKUP($C77,'2025年度(1年前期)'!$B$5:$N$208,COLUMN('2025年度(1年前期)'!$C$5),0)&"" | E78: =VLOOKUP($C77,'2025年度(2年前期)'!$B$5:$N$208,COLUMN('2025年度(2年前期)'!$C$5),0)&"" -> コミュニケーション論 | G78: =VLOOKUP($C77,'2025年度(3年前期)'!$B$5:$N$208,COLUMN('2025年度(3年前期)'!$C$5),0)&"" -> 看護教育論 | I78: =VLOOKUP($C77,'2025年度(4年前期)'!$B$5:$N$208,COLUMN('2025年度(4年前期)'!$C$5),0)&"" -> 看護学統合 演習・実習 | K78: =VLOOKUP($C77,'2025年度(助産前期)'!$B$5:$N$208,COLUMN('2025年度(助産前期)'!$C$5),0)&"" | M78: =VLOOKUP($C77,'2025年度(M1前期)'!$B$5:$N$208,COLUMN('2025年度(M1前期)'!$C$5),0)&"" | O78: =VLOOKUP($C77,'2025年度(M2前期)'!$B$5:$N$208,COLUMN('2025年度(M2前期)'!$C$5),0)&"" -> 国際看護学演習Ａ－Ⅱ 看護教育学演習Ａ－Ⅱ | Q78: =VLOOKUP($C77,'2025年度(D1前期)'!$B$5:$N$208,COLUMN('2025年度(D1前期)'!$C$5),0)&"" -> 看護教育学特論Ｂ | S78: =VLOOKUP($C77,'2025年度(D23前期)'!$B$5:$N$208,COLUMN('2025年度(D23前期)'!$C$5),0)&"" -> 特別研究 | W78: 9時～18時 | Z78: =A78 -> １時限（09：20～10：50） | AE78: フィジカルアセスメント 自主練 | AW78: 看護教育論 | BN78: コミュニケーション論
B79: 教 官 | C79: =IFERROR(VLOOKUP(C78,科目・教員!$A$1:$B$357,2,0),"") | E79: =IFERROR(VLOOKUP(E78,科目・教員!$A$1:$B$357,2,0),"") -> 高山 昇 | G79: =IFERROR(VLOOKUP(G78,科目・教員!$A$1:$B$357,2,0),"") -> 亀岡 智美 | I79: =IFERROR(VLOOKUP(I78,科目・教員!$A$1:$B$357,2,0),"") | K79: =IFERROR(VLOOKUP(K78,科目・教員!$A$1:$B$357,2,0),"") | M79: =IFERROR(VLOOKUP(M78,科目・教員!$A$1:$B$357,2,0),"") | O79: =IFERROR(VLOOKUP(O78,科目・教員!$A$1:$B$357,2,0),"") | Q79: =IFERROR(VLOOKUP(Q78,科目・教員!$A$1:$B$357,2,0),"") | S79: =IFERROR(VLOOKUP(S78,科目・教員!$A$1:$B$357,2,0),"") | W79: フィジカルアセスメント
B80: 使用教室 | C80: =VLOOKUP($C77,'2025年度(1年前期)'!$B$5:$N$208,COLUMN('2025年度(1年前期)'!$C$5)+1,0)&"" | E80: =VLOOKUP($C77,'2025年度(2年前期)'!$B$5:$N$208,COLUMN('2025年度(2年前期)'!$C$5)+1,0)&"" -> 大講義室 | G80: =VLOOKUP($C77,'2025年度(3年前期)'!$B$5:$N$208,COLUMN('2025年度(3年前期)'!$C$5)+1,0)&"" -> 301 | I80: =VLOOKUP($C77,'2025年度(4年前期)'!$B$5:$N$208,COLUMN('2025年度(4年前期)'!$C$5)+1,0)&"" | K80: =VLOOKUP($C77,'2025年度(助産前期)'!$B$5:$N$208,COLUMN('2025年度(助産前期)'!$C$5)+1,0)&"" | M80: =VLOOKUP($C77,'2025年度(M1前期)'!$B$5:$N$208,COLUMN('2025年度(M1前期)'!C$5)+1,0)&"" | O80: =VLOOKUP($C77,'2025年度(M2前期)'!$B$5:$N$208,COLUMN('2025年度(M2前期)'!$C$5)+1,0)&"" -> 国際:別途指定 教育:別途指定 | Q80: =VLOOKUP($C77,'2025年度(D1前期)'!$B$5:$N$208,COLUMN('2025年度(D1前期)'!$C$5)+1,0)&"" -> 別途指定 | S80: =VLOOKUP($C77,'2025年度(D23前期)'!$B$5:$N$208,COLUMN('2025年度(D23前期)'!$C$5)+1,0)&"" | W80: 自主練
B81: 備 考 | E81: 体育棟 準備室 | W81: 長岡先生
A82: ２時限（11：00～12：30） | B82: 科目名 | C82: =VLOOKUP($C77,'2025年度(1年前期)'!$B$5:$N$208,COLUMN('2025年度(1年前期)'!$E$5),0)&"" -> 生命科学 | E82: =VLOOKUP($C77,'2025年度(2年前期)'!$B$5:$N$208,COLUMN('2025年度(2年前期)'!$E$5),0)&"" -> 成人看護援助論Ⅰ | G82: =VLOOKUP($C77,'2025年度(3年前期)'!$B$5:$N$208,COLUMN('2025年度(3年前期)'!$E$5),0)&"" -> 看護倫理 | I82: =VLOOKUP($C77,'2025年度(4年前期)'!$B$5:$N$208,COLUMN('2025年度(4年前期)'!$E$5),0)&"" -> 看護学統合 演習・実習 | K82: =VLOOKUP($C77,'2025年度(助産前期)'!$B$5:$N$208,COLUMN('2025年度(助産前期)'!$E$5),0)&"" | M82: =VLOOKUP($C77,'2025年度(M1前期)'!$B$5:$N$208,COLUMN('2025年度(M1前期)'!$E$5),0)&"" | O82: =VLOOKUP($C77,'2025年度(M2前期)'!$B$5:$N$208,COLUMN('2025年度(M2前期)'!$E$5),0)&"" -> 国際看護学演習Ａ－Ⅱ 看護教育学演習Ａ－Ⅱ | Q82: =VLOOKUP($C77,'2025年度(D1前期)'!$B$5:$N$208,COLUMN('2025年度(D1前期)'!$E$5),0)&"" -> 看護教育学特論Ｂ | S82: =VLOOKUP($C77,'2025年度(D23前期)'!$B$5:$N$208,COLUMN('2025年度(D23前期)'!$E$5),0)&"" -> 特別研究 | W82: 成人実習室 | Z82: =A82 -> ２時限（11：00～12：30） | AE82: フィジカルアセスメント 自主練 | AG82: 生命科学 | AW82: 看護倫理 | AX82: 看護倫理 | AY82: 看護倫理 | BN82: 成人看護援助論Ⅰ
B83: 教 官 | C83: =IFERROR(VLOOKUP(C82,科目・教員!$A$1:$B$357,2,0),"") -> 本間 典子 | E83: =IFERROR(VLOOKUP(E82,科目・教員!$A$1:$B$357,2,0),"") -> 飯野 京子 | G83: =IFERROR(VLOOKUP(G82,科目・教員!$A$1:$B$357,2,0),"") -> 清水 陽一 | I83: =IFERROR(VLOOKUP(I82,科目・教員!$A$1:$B$357,2,0),"") | K83: =IFERROR(VLOOKUP(K82,科目・教員!$A$1:$B$357,2,0),"") | M83: =IFERROR(VLOOKUP(M82,科目・教員!$A$1:$B$357,2,0),"") | O83: =IFERROR(VLOOKUP(O82,科目・教員!$A$1:$B$357,2,0),"") | Q83: =IFERROR(VLOOKUP(Q82,科目・教員!$A$1:$B$357,2,0),"") | S83: =IFERROR(VLOOKUP(S82,科目・教員!$A$1:$B$357,2,0),"")
B84: 使用教室 | C84: =VLOOKUP($C77,'2025年度(1年前期)'!$B$5:$N$208,COLUMN('2025年度(1年前期)'!$E$5)+1,0)&"" -> 201 | E84: =VLOOKUP($C77,'2025年度(2年前期)'!$B$5:$N$208,COLUMN('2025年度(2年前期)'!$E$5)+1,0)&"" -> 大講義室 | G84: =VLOOKUP($C77,'2025年度(3年前期)'!$B$5:$N$208,COLUMN('2025年度(3年前期)'!$E$5)+1,0)&"" -> 301･302･303 | I84: =VLOOKUP($C77,'2025年度(4年前期)'!$B$5:$N$208,COLUMN('2025年度(4年前期)'!$E$5)+1,0)&"" | K84: =VLOOKUP($C77,'2025年度(助産前期)'!$B$5:$N$208,COLUMN('2025年度(助産前期)'!$E$5)+1,0)&"" | M84: =VLOOKUP($C77,'2025年度(M1前期)'!$B$5:$N$208,COLUMN('2025年度(M1前期)'!$E$5)+1,0)&"" | O84: =VLOOKUP($C77,'2025年度(M2前期)'!$B$5:$N$208,COLUMN('2025年度(M2前期)'!$E$5)+1,0)&"" -> 国際:別途指定 教育:別途指定 | Q84: =VLOOKUP($C77,'2025年度(D1前期)'!$B$5:$N$208,COLUMN('2025年度(D1前期)'!$E$5)+1,0)&"" -> 別途指定 | S84: =VLOOKUP($C77,'2025年度(D23前期)'!$B$5:$N$208,COLUMN('2025年度(D23前期)'!$E$5)+1,0)&""
B85: 備 考
A86: 昼休み（12：30～13：30） | B86: 活動名 | Z86: =A86 -> 昼休み（12：30～13：30） | AE86: フィジカルアセスメント 自主練
B87: 責任者
B88: 使用教室
B89: 備 考
A90: ３時限（13：30～15：00） | B90: 科目名 | C90: =VLOOKUP($C77,'2025年度(1年前期)'!$B$5:$N$208,COLUMN('2025年度(1年前期)'!$G$5),0)&"" -> 食の科学 | E90: =VLOOKUP($C77,'2025年度(2年前期)'!$B$5:$N$208,COLUMN('2025年度(2年前期)'!$G$5),0)&"" -> 疾病･病態論Ⅱ (西村先生) | G90: =VLOOKUP($C77,'2025年度(3年前期)'!$B$5:$N$208,COLUMN('2025年度(3年前期)'!$G$5),0)&"" -> 国際関係論 | I90: =VLOOKUP($C77,'2025年度(4年前期)'!$B$5:$N$208,COLUMN('2025年度(4年前期)'!$G$5),0)&"" -> 看護学統合 演習・実習 | K90: =VLOOKUP($C77,'2025年度(助産前期)'!$B$5:$N$208,COLUMN('2025年度(助産前期)'!$G$5),0)&"" | M90: =VLOOKUP($C77,'2025年度(M1前期)'!$B$5:$N$208,COLUMN('2025年度(M1前期)'!$G$5),0)&"" -> 成人看護学特論Ａ－Ⅱ | O90: =VLOOKUP($C77,'2025年度(M2前期)'!$B$5:$N$208,COLUMN('2025年度(M2前期)'!$G$5),0)&"" -> 特別研究 | Q90: =VLOOKUP($C77,'2025年度(D1前期)'!$B$5:$N$208,COLUMN('2025年度(D1前期)'!$G$5),0)&"" -> 国際看護学演習Ｂ | S90: =VLOOKUP($C77,'2025年度(D23前期)'!$B$5:$N$208,COLUMN('2025年度(D23前期)'!$G$5),0)&"" -> 特別研究 | U90: 3限 | Z90: =A90 -> ３時限（13：30～15：00） | AA90: 疾病･病態論Ⅱ | AE90: フィジカルアセスメント 自主練 | AG90: 食の科学 | AW90: 国際関係論 | BI90: D3坂口
B91: 教 官 | C91: =IFERROR(VLOOKUP(C90,科目・教員!$A$1:$B$357,2,0),"") -> 本間 典子 | E91: =IFERROR(VLOOKUP(E90,科目・教員!$A$1:$B$357,2,0),"") | G91: =IFERROR(VLOOKUP(G90,科目・教員!$A$1:$B$357,2,0),"") -> 上杉 妙子 | I91: =IFERROR(VLOOKUP(I90,科目・教員!$A$1:$B$357,2,0),"") | K91: =IFERROR(VLOOKUP(K90,科目・教員!$A$1:$B$357,2,0),"") | M91: =IFERROR(VLOOKUP(M90,科目・教員!$A$1:$B$357,2,0),"") | O91: =IFERROR(VLOOKUP(O90,科目・教員!$A$1:$B$357,2,0),"") | Q91: =IFERROR(VLOOKUP(Q90,科目・教員!$A$1:$B$357,2,0),"") | S91: =IFERROR(VLOOKUP(S90,科目・教員!$A$1:$B$357,2,0),"") | U91: 先駆的臨床看護学
B92: 使用教室 | C92: =VLOOKUP($C77,'2025年度(1年前期)'!$B$5:$N$208,COLUMN('2025年度(1年前期)'!$G$5)+1,0)&"" -> 201 | E92: =VLOOKUP($C77,'2025年度(2年前期)'!$B$5:$N$208,COLUMN('2025年度(2年前期)'!$G$5)+1,0)&"" -> 101 | G92: =VLOOKUP($C77,'2025年度(3年前期)'!$B$5:$N$208,COLUMN('2025年度(3年前期)'!$G$5)+1,0)&"" -> 301 | I92: =VLOOKUP($C77,'2025年度(4年前期)'!$B$5:$N$208,COLUMN('2025年度(4年前期)'!$G$5)+1,0)&"" | K92: =VLOOKUP($C77,'2025年度(助産前期)'!$B$5:$N$208,COLUMN('2025年度(助産前期)'!$G$5)+1,0)&"" | M92: =VLOOKUP($C77,'2025年度(M1前期)'!$B$5:$N$208,COLUMN('2025年度(M1前期)'!$G$5)+1,0)&"" -> 別途指定 | O92: =VLOOKUP($C77,'2025年度(M2前期)'!$B$5:$N$208,COLUMN('2025年度(M2前期)'!$G$5)+1,0)&"" | Q92: =VLOOKUP($C77,'2025年度(D1前期)'!$B$5:$N$208,COLUMN('2025年度(D1前期)'!$G$5)+1,0)&"" -> 別途指定 | S92: =VLOOKUP($C77,'2025年度(D23前期)'!$B$5:$N$208,COLUMN('2025年度(D23前期)'!$G$5)+1,0)&"" | U92: D3坂口
B93: 備 考 | E93: 非常勤講師控室A | G93: 非常勤講師控室C | U93: セミナールーム1
A94: ４時限（15：10～16：40） | B94: 科目名 | C94: =VLOOKUP($C77,'2025年度(1年前期)'!$B$5:$N$208,COLUMN('2025年度(1年前期)'!$I$5),0)&"" -> 人間存在の哲学 | E94: =VLOOKUP($C77,'2025年度(2年前期)'!$B$5:$N$208,COLUMN('2025年度(2年前期)'!$I$5),0)&"" -> 日本の伝統芸術 | G94: =VLOOKUP($C77,'2025年度(3年前期)'!$B$5:$N$208,COLUMN('2025年度(3年前期)'!$I$5),0)&"" -> 国際関係論 | I94: =VLOOKUP($C77,'2025年度(4年前期)'!$B$5:$N$208,COLUMN('2025年度(4年前期)'!$I$5),0)&"" -> 看護学統合 演習・実習 | K94: =VLOOKUP($C77,'2025年度(助産前期)'!$B$5:$N$208,COLUMN('2025年度(助産前期)'!$I$5),0)&"" | M94: =VLOOKUP($C77,'2025年度(M1前期)'!$B$5:$N$208,COLUMN('2025年度(M1前期)'!$I$5),0)&"" -> 成人看護学特論Ａ－Ⅱ | O94: =VLOOKUP($C77,'2025年度(M2前期)'!$B$5:$N$208,COLUMN('2025年度(M2前期)'!$I$5),0)&"" -> 特別研究 | Q94: =VLOOKUP($C77,'2025年度(D1前期)'!$B$5:$N$208,COLUMN('2025年度(D1前期)'!$I$5),0)&"" -> 国際看護学演習Ｂ | S94: =VLOOKUP($C77,'2025年度(D23前期)'!$B$5:$N$208,COLUMN('2025年度(D23前期)'!$I$5),0)&"" -> 特別研究 | Z94: =A94 -> ４時限（15：10～16：40） | AA94: 日本の伝統芸術 | AE94: フィジカルアセスメント 自主練 | AH94: 人間存在の哲学 | AW94: 国際関係論
B95: 教 官 | C95: =IFERROR(VLOOKUP(C94,科目・教員!$A$1:$B$357,2,0),"") -> 小島 優子 | E95: =IFERROR(VLOOKUP(E94,科目・教員!$A$1:$B$357,2,0),"") -> 土田 みめ | G95: =IFERROR(VLOOKUP(G94,科目・教員!$A$1:$B$357,2,0),"") -> 上杉 妙子 | I95: =IFERROR(VLOOKUP(I94,科目・教員!$A$1:$B$357,2,0),"") | K95: =IFERROR(VLOOKUP(K94,科目・教員!$A$1:$B$357,2,0),"") | M95: =IFERROR(VLOOKUP(M94,科目・教員!$A$1:$B$357,2,0),"") | O95: =IFERROR(VLOOKUP(O94,科目・教員!$A$1:$B$357,2,0),"") | Q95: =IFERROR(VLOOKUP(Q94,科目・教員!$A$1:$B$357,2,0),"") | S95: =IFERROR(VLOOKUP(S94,科目・教員!$A$1:$B$357,2,0),"")
B96: 使用教室 | C96: =VLOOKUP($C77,'2025年度(1年前期)'!$B$5:$N$208,COLUMN('2025年度(1年前期)'!$I$5)+1,0)&"" -> 202 | E96: =VLOOKUP($C77,'2025年度(2年前期)'!$B$5:$N$208,COLUMN('2025年度(2年前期)'!$I$5)+1,0)&"" -> 101 | G96: =VLOOKUP($C77,'2025年度(3年前期)'!$B$5:$N$208,COLUMN('2025年度(3年前期)'!$I$5)+1,0)&"" -> 301 | I96: =VLOOKUP($C77,'2025年度(4年前期)'!$B$5:$N$208,COLUMN('2025年度(4年前期)'!$I$5)+1,0)&"" | K96: =VLOOKUP($C77,'2025年度(助産前期)'!$B$5:$N$208,COLUMN('2025年度(助産前期)'!$I$5)+1,0)&"" | M96: =VLOOKUP($C77,'2025年度(M1前期)'!$B$5:$N$208,COLUMN('2025年度(M1前期)'!$I$5)+1,0)&"" -> 別途指定 | O96: =VLOOKUP($C77,'2025年度(M2前期)'!$B$5:$N$208,COLUMN('2025年度(M2前期)'!$I$5)+1,0)&"" | Q96: =VLOOKUP($C77,'2025年度(D1前期)'!$B$5:$N$208,COLUMN('2025年度(D1前期)'!$I$5)+1,0)&"" -> 別途指定 | S96: =VLOOKUP($C77,'2025年度(D23前期)'!$B$5:$N$208,COLUMN('2025年度(D23前期)'!$I$5)+1,0)&""
B97: 備 考 | E97: 非常勤講師控室B | G97: 非常勤講師控室C
A98: ５時限（16：50～18：20） | B98: 科目名 | C98: =VLOOKUP($C77,'2025年度(1年前期)'!$B$5:$N$208,COLUMN('2025年度(1年前期)'!$K$5),0)&"" | E98: =VLOOKUP($C77,'2025年度(2年前期)'!$B$5:$N$208,COLUMN('2025年度(2年前期)'!$K$5),0)&"" | G98: =VLOOKUP($C77,'2025年度(3年前期)'!$B$5:$N$208,COLUMN('2025年度(3年前期)'!$K$5),0)&"" | I98: =VLOOKUP($C77,'2025年度(4年前期)'!$B$5:$N$208,COLUMN('2025年度(4年前期)'!$K$5),0)&"" | K98: =VLOOKUP($C77,'2025年度(助産前期)'!$B$5:$N$208,COLUMN('2025年度(助産前期)'!$K$5),0)&"" | M98: =VLOOKUP($C77,'2025年度(M1前期)'!$B$5:$N$208,COLUMN('2025年度(M1前期)'!$K$5),0)&"" | O98: =VLOOKUP($C77,'2025年度(M2前期)'!$B$5:$N$208,COLUMN('2025年度(M2前期)'!$K$5),0)&"" | Q98: =VLOOKUP($C77,'2025年度(D1前期)'!$B$5:$N$208,COLUMN('2025年度(D1前期)'!$K$5),0)&"" | S98: =VLOOKUP($C77,'2025年度(D23前期)'!$B$5:$N$208,COLUMN('2025年度(D23前期)'!$K$5),0)&"" | Z98: =A98 -> ５時限（16：50～18：20） | AE98: フィジカルアセスメント 自主練
B99: 教 官 | C99: =IFERROR(VLOOKUP(C98,科目・教員!$A$1:$B$357,2,0),"") | E99: =IFERROR(VLOOKUP(E98,科目・教員!$A$1:$B$357,2,0),"") | G99: =IFERROR(VLOOKUP(G98,科目・教員!$A$1:$B$357,2,0),"") | I99: =IFERROR(VLOOKUP(I98,科目・教員!$A$1:$B$357,2,0),"") | K99: =IFERROR(VLOOKUP(K98,科目・教員!$A$1:$B$357,2,0),"") | M99: =IFERROR(VLOOKUP(M98,科目・教員!$A$1:$B$357,2,0),"") | O99: =IFERROR(VLOOKUP(O98,科目・教員!$A$1:$B$357,2,0),"") | Q99: =IFERROR(VLOOKUP(Q98,科目・教員!$A$1:$B$357,2,0),"") | S99: =IFERROR(VLOOKUP(S98,科目・教員!$A$1:$B$357,2,0),"")
B100: 使用教室 | C100: =VLOOKUP($C77,'2025年度(1年前期)'!$B$5:$N$208,COLUMN('2025年度(1年前期)'!$K$5)+1,0)&"" | E100: =VLOOKUP($C77,'2025年度(2年前期)'!$B$5:$N$208,COLUMN('2025年度(2年前期)'!$K$5)+1,0)&"" | G100: =VLOOKUP($C77,'2025年度(3年前期)'!$B$5:$N$208,COLUMN('2025年度(3年前期)'!$K$5)+1,0)&"" | I100: =VLOOKUP($C77,'2025年度(4年前期)'!$B$5:$N$208,COLUMN('2025年度(4年前期)'!$K$5)+1,0)&"" | K100: =VLOOKUP($C77,'2025年度(助産前期)'!$B$5:$N$208,COLUMN('2025年度(助産前期)'!$K$5)+1,0)&"" | M100: =VLOOKUP($C77,'2025年度(M1前期)'!$B$5:$N$208,COLUMN('2025年度(M1前期)'!$K$5)+1,0)&"" | O100: =VLOOKUP($C77,'2025年度(M2前期)'!$B$5:$N$208,COLUMN('2025年度(M2前期)'!$K$5)+1,0)&"" | Q100: =VLOOKUP($C77,'2025年度(D1前期)'!$B$5:$N$208,COLUMN('2025年度(D1前期)'!$K$5)+1,0)&"" | S100: =VLOOKUP($C77,'2025年度(D23前期)'!$B$5:$N$208,COLUMN('2025年度(D23前期)'!$K$5)+1,0)&""
...

Sheet 2025年7月
A1: 45839 | C1: １年 | E1: ２年 | G1: ３年 | I1: ４年 | K1: 助産 | M1: 研究課程部 Ｍ１ | O1: 研究課程部 Ｍ２ | Q1: 研究課程部 Ｄ１ | S1: 研究課程部 Ｄ２３ | U1: =A1 -> 45839 | V1: 授業外その他教室等管理スケジュール | AA1: １階 | AG1: ２階 | AW1: ３階 | BI1: ４階 | BN1: 体育棟 | BP1: 福利棟 | BQ1: 研修棟
C2: =A1 -> 45839 | U2: =C2 -> 45839 | AA2: 101 | AB2: 102 | AC2: 103 | AD2: 在宅実習室 | AE2: 成人実習室 | AF2: 講堂 | AG2: 201 | AH2: 202 | AI2: 203 | AJ2: 204 | AK2: 205 | AL2: 基礎実習室 | AM2: 母性・小児実習室 | AN2: 演習21 | AO2: 演習22 | AP2: 演習23 | AQ2: 演習24 | AR2: 演習25 | AS2: 演習26 | AT2: 演習27 | AU2: 演習28 | AV2: 演習29 | AW2: 301 | AX2: 302 | AY2: 303 | AZ2: 304 | BA2: 臨床１ | BB2: 臨床２ | BC2: LL1 | BD2: LL2 | BE2: 実験室 | BF2: 情報処理室 | BG2: 演習31 | BH2: 演習32 | BI2: セミナー室１ | BJ2: セミナー室２ | BK2: セミナー室3 | BL2: セミナー室4 | BM2: セミナー室5 | BN2: 大講義室 | BO2: アリーナ | BP2: 多目的ルーム | BQ2: 研修１ | BR2: 研修３ | BS2: 研修４ | BT2: 研修５ | BU2: 研修６ | BV2: 研修７ | BW2: 視聴覚室
A3: １時限（09：20～10：50） | B3: 科目名 | C3: =VLOOKUP($C2,'2025年度(1年前期)'!$B$5:$N$208,COLUMN('2025年度(1年前期)'!$C$5),0)&"" -> 人体の構造と機能Ⅱ | E3: =VLOOKUP($C2,'2025年度(2年前期)'!$B$5:$N$208,COLUMN('2025年度(2年前期)'!$C$5),0)&"" | G3: =VLOOKUP($C2,'2025年度(3年前期)'!$B$5:$N$208,COLUMN('2025年度(3年前期)'!$C$5),0)&"" -> 周産期看護 | I3: =VLOOKUP($C2,'2025年度(4年前期)'!$B$5:$N$208,COLUMN('2025年度(4年前期)'!$C$5),0)&"" -> 政策医療看護学実習 | K3: =VLOOKUP($C2,'2025年度(助産前期)'!$B$5:$N$208,COLUMN('2025年度(助産前期)'!$C$5),0)&"" -> 助産学臨床講義 | M3: =VLOOKUP($C2,'2025年度(M1前期)'!$B$5:$N$208,COLUMN('2025年度(M1前期)'!$C$5),0)&"" | O3: =VLOOKUP($C2,'2025年度(M2前期)'!$B$5:$N$208,COLUMN('2025年度(M2前期)'!$C$5),0)&"" | Q3: =VLOOKUP($C2,'2025年度(D1前期)'!$B$5:$N$208,COLUMN('2025年度(D1前期)'!$C$5),0)&"" -> 成育看護学特論Ｂ 成人看護学演習Ｂ | S3: =VLOOKUP($C2,'2025年度(D23前期)'!$B$5:$N$208,COLUMN('2025年度(D23前期)'!$C$5),0)&"" -> 特別研究 | Y3: 終日 | Z3: =A3 -> １時限（09：20～10：50） | AA3: 人体の構造と機能Ⅰ | AE3: 成人看護援助論Ⅲ・フィジカルアセスメント 自主練(授業優先) | AW3: 周産期看護
B4: 教 官 | C4: =IFERROR(VLOOKUP(C3,科目・教員!$A$1:$B$357,2,0),"") -> 本間 典子 | E4: =IFERROR(VLOOKUP(E3,科目・教員!$A$1:$B$357,2,0),"") | G4: =IFERROR(VLOOKUP(G3,科目・教員!$A$1:$B$357,2,0),"") -> 日置 智華子 | I4: =IFERROR(VLOOKUP(I3,科目・教員!$A$1:$B$357,2,0),"") -> 各担当教員 | K4: =IFERROR(VLOOKUP(K3,科目・教員!$A$1:$B$357,2,0),"") | M4: =IFERROR(VLOOKUP(M3,科目・教員!$A$1:$B$357,2,0),"") | O4: =IFERROR(VLOOKUP(O3,科目・教員!$A$1:$B$357,2,0),"") | Q4: =IFERROR(VLOOKUP(Q3,科目・教員!$A$1:$B$357,2,0),"") | S4: =IFERROR(VLOOKUP(S3,科目・教員!$A$1:$B$357,2,0),"") | Y4: 成人看護援助論Ⅲ
B5: 使用教室 | C5: =VLOOKUP($C2,'2025年度(1年前期)'!$B$5:$N$208,COLUMN('2025年度(1年前期)'!$C$5)+1,0)&"" -> 101 | E5: =VLOOKUP($C2,'2025年度(2年前期)'!$B$5:$N$208,COLUMN('2025年度(2年前期)'!$C$5)+1,0)&"" | G5: =VLOOKUP($C2,'2025年度(3年前期)'!$B$5:$N$208,COLUMN('2025年度(3年前期)'!$C$5)+1,0)&"" -> 301 | I5: =VLOOKUP($C2,'2025年度(4年前期)'!$B$5:$N$208,COLUMN('2025年度(4年前期)'!$C$5)+1,0)&"" | K5: =VLOOKUP($C2,'2025年度(助産前期)'!$B$5:$N$208,COLUMN('2025年度(助産前期)'!$C$5)+1,0)&"" | M5: =VLOOKUP($C2,'2025年度(M1前期)'!$B$5:$N$208,COLUMN('2025年度(M1前期)'!C$5)+1,0)&"" | O5: =VLOOKUP($C2,'2025年度(M2前期)'!$B$5:$N$208,COLUMN('2025年度(M2前期)'!$C$5)+1,0)&"" | Q5: =VLOOKUP($C2,'2025年度(D1前期)'!$B$5:$N$208,COLUMN('2025年度(D1前期)'!$C$5)+1,0)&"" -> 成育:別途指定 成人:別途指定 | S5: =VLOOKUP($C2,'2025年度(D23前期)'!$B$5:$N$208,COLUMN('2025年度(D23前期)'!$C$5)+1,0)&"" | Y5: フィジカルアセスメント
B6: 備 考 | Y6: 自主練
A7: ２時限（11：00～12：30） | B7: 科目名 | C7: =VLOOKUP($C2,'2025年度(1年前期)'!$B$5:$N$208,COLUMN('2025年度(1年前期)'!$E$5),0)&"" -> 基礎看護学実習Ⅰ オリエンテーション① | E7: =VLOOKUP($C2,'2025年度(2年前期)'!$B$5:$N$208,COLUMN('2025年度(2年前期)'!$E$5),0)&"" -> 疾病･病態論Ⅱ (望月先生②) | G7: =VLOOKUP($C2,'2025年度(3年前期)'!$B$5:$N$208,COLUMN('2025年度(3年前期)'!$E$5),0)&"" -> 国際看護論 | I7: =VLOOKUP($C2,'2025年度(4年前期)'!$B$5:$N$208,COLUMN('2025年度(4年前期)'!$E$5),0)&"" -> 政策医療看護学実習 | K7: =VLOOKUP($C2,'2025年度(助産前期)'!$B$5:$N$208,COLUMN('2025年度(助産前期)'!$E$5),0)&"" -> 助産学臨床講義 | M7: =VLOOKUP($C2,'2025年度(M1前期)'!$B$5:$N$208,COLUMN('2025年度(M1前期)'!$E$5),0)&"" -> 生理学特論 | O7: =VLOOKUP($C2,'2025年度(M2前期)'!$B$5:$N$208,COLUMN('2025年度(M2前期)'!$E$5),0)&"" | Q7: =VLOOKUP($C2,'2025年度(D1前期)'!$B$5:$N$208,COLUMN('2025年度(D1前期)'!$E$5),0)&"" -> 成育看護学特論Ｂ 成人看護学演習Ｂ | S7: =VLOOKUP($C2,'2025年度(D23前期)'!$B$5:$N$208,COLUMN('2025年度(D23前期)'!$E$5),0)&"" -> 特別研究 | Z7: =A7 -> ２時限（11：00～12：30） | AA7: 基礎看護学実習Ⅰオリエンテーション | AE7: 成人看護援助論Ⅲ・フィジカルアセスメント 自主練(授業優先) | AG7: 疾病･病態論Ⅱ | AW7: 国際看護論
B8: 教 官 | C8: =IFERROR(VLOOKUP(C7,科目・教員!$A$1:$B$357,2,0),"") | E8: =IFERROR(VLOOKUP(E7,科目・教員!$A$1:$B$357,2,0),"") | G8: =IFERROR(VLOOKUP(G7,科目・教員!$A$1:$B$357,2,0),"") -> 須藤 恭子 | I8: =IFERROR(VLOOKUP(I7,科目・教員!$A$1:$B$357,2,0),"") -> 各担当教員 | K8: =IFERROR(VLOOKUP(K7,科目・教員!$A$1:$B$357,2,0),"") | M8: =IFERROR(VLOOKUP(M7,科目・教員!$A$1:$B$357,2,0),"") -> 大曲 貴夫 | O8: =IFERROR(VLOOKUP(O7,科目・教員!$A$1:$B$357,2,0),"") | Q8: =IFERROR(VLOOKUP(Q7,科目・教員!$A$1:$B$357,2,0),"") | S8: =IFERROR(VLOOKUP(S7,科目・教員!$A$1:$B$357,2,0),"") | Y8: 成人看護実習室
B9: 使用教室 | C9: =VLOOKUP($C2,'2025年度(1年前期)'!$B$5:$N$208,COLUMN('2025年度(1年前期)'!$E$5)+1,0)&"" -> 101 | E9: =VLOOKUP($C2,'2025年度(2年前期)'!$B$5:$N$208,COLUMN('2025年度(2年前期)'!$E$5)+1,0)&"" -> リアルタイム (201) | G9: =VLOOKUP($C2,'2025年度(3年前期)'!$B$5:$N$208,COLUMN('2025年度(3年前期)'!$E$5)+1,0)&"" -> 301 | I9: =VLOOKUP($C2,'2025年度(4年前期)'!$B$5:$N$208,COLUMN('2025年度(4年前期)'!$E$5)+1,0)&"" | K9: =VLOOKUP($C2,'2025年度(助産前期)'!$B$5:$N$208,COLUMN('2025年度(助産前期)'!$E$5)+1,0)&"" | M9: =VLOOKUP($C2,'2025年度(M1前期)'!$B$5:$N$208,COLUMN('2025年度(M1前期)'!$E$5)+1,0)&"" -> ＮＣＧＭ | O9: =VLOOKUP($C2,'2025年度(M2前期)'!$B$5:$N$208,COLUMN('2025年度(M2前期)'!$E$5)+1,0)&"" | Q9: =VLOOKUP($C2,'2025年度(D1前期)'!$B$5:$N$208,COLUMN('2025年度(D1前期)'!$E$5)+1,0)&"" -> 成育:別途指定 成人:別途指定 | S9: =VLOOKUP($C2,'2025年度(D23前期)'!$B$5:$N$208,COLUMN('2025年度(D23前期)'!$E$5)+1,0)&"" | Y9: (授業使用を優先)
B10: 備 考 | Y10: 長岡先生
A11: 昼休み（12：30～13：30） | B11: 活動名 | Z11: =A11 -> 昼休み（12：30～13：30）
B12: 責任者
B13: 使用教室
B14: 備 考
A15: ３時限（13：30～15：00） | B15: 科目名 | C15: =VLOOKUP($C2,'2025年度(1年前期)'!$B$5:$N$208,COLUMN('2025年度(1年前期)'!$G$5),0)&"" -> B型肝炎② 14:00～15:00 | E15: =VLOOKUP($C2,'2025年度(2年前期)'!$B$5:$N$208,COLUMN('2025年度(2年前期)'!$G$5),0)&"" -> 看護過程原論 | G15: =VLOOKUP($C2,'2025年度(3年前期)'!$B$5:$N$208,COLUMN('2025年度(3年前期)'!$G$5),0)&"" -> 国際関係論 追試験 | I15: =VLOOKUP($C2,'2025年度(4年前期)'!$B$5:$N$208,COLUMN('2025年度(4年前期)'!$G$5),0)&"" -> 政策医療看護学実習 | K15: =VLOOKUP($C2,'2025年度(助産前期)'!$B$5:$N$208,COLUMN('2025年度(助産前期)'!$G$5),0)&"" -> 助産学臨床講義 | M15: =VLOOKUP($C2,'2025年度(M1前期)'!$B$5:$N$208,COLUMN('2025年度(M1前期)'!$G$5),0)&"" -> 生理学特論 | O15: =VLOOKUP($C2,'2025年度(M2前期)'!$B$5:$N$208,COLUMN('2025年度(M2前期)'!$G$5),0)&"" -> 特別研究 | Q15: =VLOOKUP($C2,'2025年度(D1前期)'!$B$5:$N$208,COLUMN('2025年度(D1前期)'!$G$5),0)&"" -> 成人看護学演習Ｂ | S15: =VLOOKUP($C2,'2025年度(D23前期)'!$B$5:$N$208,COLUMN('2025年度(D23前期)'!$G$5),0)&"" -> 特別研究 | U15: 3限 | Z15: =A15 -> ３時限（13：30～15：00） | AB15: 国際関係論 追試験 | AE15: 成人看護援助論Ⅲ・フィジカルアセスメント 自主練(授業優先) | AG15: 看護過程原論 | AH15: 看護過程原論 | AX15: 看護倫理追試
B16: 教 官 | C16: =IFERROR(VLOOKUP(C15,科目・教員!$A$1:$B$357,2,0),"") | E16: =IFERROR(VLOOKUP(E15,科目・教員!$A$1:$B$357,2,0),"") -> 亀岡 智美 | G16: =IFERROR(VLOOKUP(G15,科目・教員!$A$1:$B$357,2,0),"") | I16: =IFERROR(VLOOKUP(I15,科目・教員!$A$1:$B$357,2,0),"") -> 各担当教員 | K16: =IFERROR(VLOOKUP(K15,科目・教員!$A$1:$B$357,2,0),"") | M16: =IFERROR(VLOOKUP(M15,科目・教員!$A$1:$B$357,2,0),"") -> 大曲 貴夫 | O16: =IFERROR(VLOOKUP(O15,科目・教員!$A$1:$B$357,2,0),"") | Q16: =IFERROR(VLOOKUP(Q15,科目・教員!$A$1:$B$357,2,0),"") | S16: =IFERROR(VLOOKUP(S15,科目・教員!$A$1:$B$357,2,0),"") | U16: 看護倫理追試
B17: 使用教室 | C17: =VLOOKUP($C2,'2025年度(1年前期)'!$B$5:$N$208,COLUMN('2025年度(1年前期)'!$G$5)+1,0)&"" | E17: =VLOOKUP($C2,'2025年度(2年前期)'!$B$5:$N$208,COLUMN('2025年度(2年前期)'!$G$5)+1,0)&"" -> 201･202 | G17: =VLOOKUP($C2,'2025年度(3年前期)'!$B$5:$N$208,COLUMN('2025年度(3年前期)'!$G$5)+1,0)&"" -> 102 | I17: =VLOOKUP($C2,'2025年度(4年前期)'!$B$5:$N$208,COLUMN('2025年度(4年前期)'!$G$5)+1,0)&"" | K17: =VLOOKUP($C2,'2025年度(助産前期)'!$B$5:$N$208,COLUMN('2025年度(助産前期)'!$G$5)+1,0)&"" | M17: =VLOOKUP($C2,'2025年度(M1前期)'!$B$5:$N$208,COLUMN('2025年度(M1前期)'!$G$5)+1,0)&"" -> ＮＣＧＭ | O17: =VLOOKUP($C2,'2025年度(M2前期)'!$B$5:$N$208,COLUMN('2025年度(M2前期)'!$G$5)+1,0)&"" | Q17: =VLOOKUP($C2,'2025年度(D1前期)'!$B$5:$N$208,COLUMN('2025年度(D1前期)'!$G$5)+1,0)&"" -> 別途指定 | S17: =VLOOKUP($C2,'2025年度(D23前期)'!$B$5:$N$208,COLUMN('2025年度(D23前期)'!$G$5)+1,0)&"" | U17: 302教室
B18: 備 考 | U18: 清水先生
A19: ４時限（15：10～16：40） | B19: 科目名 | C19: =VLOOKUP($C2,'2025年度(1年前期)'!$B$5:$N$208,COLUMN('2025年度(1年前期)'!$I$5),0)&"" -> スペイン語 | E19: =VLOOKUP($C2,'2025年度(2年前期)'!$B$5:$N$208,COLUMN('2025年度(2年前期)'!$I$5),0)&"" -> 看護過程原論 | G19: =VLOOKUP($C2,'2025年度(3年前期)'!$B$5:$N$208,COLUMN('2025年度(3年前期)'!$I$5),0)&"" | I19: =VLOOKUP($C2,'2025年度(4年前期)'!$B$5:$N$208,COLUMN('2025年度(4年前期)'!$I$5),0)&"" -> 政策医療看護学実習 | K19: =VLOOKUP($C2,'2025年度(助産前期)'!$B$5:$N$208,COLUMN('2025年度(助産前期)'!$I$5),0)&"" -> 助産学臨床講義 | M19: =VLOOKUP($C2,'2025年度(M1前期)'!$B$5:$N$208,COLUMN('2025年度(M1前期)'!$I$5),0)&"" -> 生理学特論 | O19: =VLOOKUP($C2,'2025年度(M2前期)'!$B$5:$N$208,COLUMN('2025年度(M2前期)'!$I$5),0)&"" -> 特別研究 | Q19: =VLOOKUP($C2,'2025年度(D1前期)'!$B$5:$N$208,COLUMN('2025年度(D1前期)'!$I$5),0)&"" -> 成人看護学演習Ｂ | S19: =VLOOKUP($C2,'2025年度(D23前期)'!$B$5:$N$208,COLUMN('2025年度(D23前期)'!$I$5),0)&"" -> 特別研究 | X19: バトミントンサークル | Y19: ウィンドアンサンブル | Z19: =A19 -> ４時限（15：10～16：40） | AA19: スペイン語 | AE19: 成人看護援助論Ⅲ・フィジカルアセスメント 自主練(授業優先) | AF19: ウィンドアンサンブル | AG19: 看護過程原論 | AH19: 看護過程原論 | BO19: バトミントンサークル
B20: 教 官 | C20: =IFERROR(VLOOKUP(C19,科目・教員!$A$1:$B$357,2,0),"") -> 上村 淳志 | E20: =IFERROR(VLOOKUP(E19,科目・教員!$A$1:$B$357,2,0),"") -> 亀岡 智美 | G20: =IFERROR(VLOOKUP(G19,科目・教員!$A$1:$B$357,2,0),"") | I20: =IFERROR(VLOOKUP(I19,科目・教員!$A$1:$B$357,2,0),"") -> 各担当教員 | K20: =IFERROR(VLOOKUP(K19,科目・教員!$A$1:$B$357,2,0),"") | M20: =IFERROR(VLOOKUP(M19,科目・教員!$A$1:$B$357,2,0),"") -> 大曲 貴夫 | O20: =IFERROR(VLOOKUP(O19,科目・教員!$A$1:$B$357,2,0),"") | Q20: =IFERROR(VLOOKUP(Q19,科目・教員!$A$1:$B$357,2,0),"") | S20: =IFERROR(VLOOKUP(S19,科目・教員!$A$1:$B$357,2,0),"") | X20: 体育棟アリーナ | Y20: 講堂
B21: 使用教室 | C21: =VLOOKUP($C2,'2025年度(1年前期)'!$B$5:$N$208,COLUMN('2025年度(1年前期)'!$I$5)+1,0)&"" -> 101 | E21: =VLOOKUP($C2,'2025年度(2年前期)'!$B$5:$N$208,COLUMN('2025年度(2年前期)'!$I$5)+1,0)&"" -> 201･202 | G21: =VLOOKUP($C2,'2025年度(3年前期)'!$B$5:$N$208,COLUMN('2025年度(3年前期)'!$I$5)+1,0)&"" | I21: =VLOOKUP($C2,'2025年度(4年前期)'!$B$5:$N$208,COLUMN('2025年度(4年前期)'!$I$5)+1,0)&"" | K21: =VLOOKUP($C2,'2025年度(助産前期)'!$B$5:$N$208,COLUMN('2025年度(助産前期)'!$I$5)+1,0)&"" | M21: =VLOOKUP($C2,'2025年度(M1前期)'!$B$5:$N$208,COLUMN('2025年度(M1前期)'!$I$5)+1,0)&"" -> ＮＣＧＭ | O21: =VLOOKUP($C2,'2025年度(M2前期)'!$B$5:$N$208,COLUMN('2025年度(M2前期)'!$I$5)+1,0)&"" | Q21: =VLOOKUP($C2,'2025年度(D1前期)'!$B$5:$N$208,COLUMN('2025年度(D1前期)'!$I$5)+1,0)&"" -> 別途指定 | S21: =VLOOKUP($C2,'2025年度(D23前期)'!$B$5:$N$208,COLUMN('2025年度(D23前期)'!$I$5)+1,0)&"" | X21: 15：00～19：00 | Y21: 15：00～19：30
B22: 備 考 | C22: 非常勤講師控室A
A23: ５時限（16：50～18：20） | B23: 科目名 | C23: =VLOOKUP($C2,'2025年度(1年前期)'!$B$5:$N$208,COLUMN('2025年度(1年前期)'!$K$5),0)&"" | E23: =VLOOKUP($C2,'2025年度(2年前期)'!$B$5:$N$208,COLUMN('2025年度(2年前期)'!$K$5),0)&"" | G23: =VLOOKUP($C2,'2025年度(3年前期)'!$B$5:$N$208,COLUMN('2025年度(3年前期)'!$K$5),0)&"" | I23: =VLOOKUP($C2,'2025年度(4年前期)'!$B$5:$N$208,COLUMN('2025年度(4年前期)'!$K$5),0)&"" | K23: =VLOOKUP($C2,'2025年度(助産前期)'!$B$5:$N$208,COLUMN('2025年度(助産前期)'!$K$5),0)&"" | M23: =VLOOKUP($C2,'2025年度(M1前期)'!$B$5:$N$208,COLUMN('2025年度(M1前期)'!$K$5),0)&"" -> ヘルスアセスメント特論 | O23: =VLOOKUP($C2,'2025年度(M2前期)'!$B$5:$N$208,COLUMN('2025年度(M2前期)'!$K$5),0)&"" | Q23: =VLOOKUP($C2,'2025年度(D1前期)'!$B$5:$N$208,COLUMN('2025年度(D1前期)'!$K$5),0)&"" | S23: =VLOOKUP($C2,'2025年度(D23前期)'!$B$5:$N$208,COLUMN('2025年度(D23前期)'!$K$5),0)&"" | U23: 5限 | W23: 手話サークル | Z23: =A23 -> ５時限（16：50～18：20） | AA23: 手話サークル | AF23: ウィンドアンサンブル | BI23: M2横川 | BO23: バトミントンサークル
B24: 教 官 | C24: =IFERROR(VLOOKUP(C23,科目・教員!$A$1:$B$357,2,0),"") | E24: =IFERROR(VLOOKUP(E23,科目・教員!$A$1:$B$357,2,0),"") | G24: =IFERROR(VLOOKUP(G23,科目・教員!$A$1:$B$357,2,0),"") | I24: =IFERROR(VLOOKUP(I23,科目・教員!$A$1:$B$357,2,0),"") | K24: =IFERROR(VLOOKUP(K23,科目・教員!$A$1:$B$357,2,0),"") | M24: =IFERROR(VLOOKUP(M23,科目・教員!$A$1:$B$357,2,0),"") -> 綿貫 成明 | O24: =IFERROR(VLOOKUP(O23,科目・教員!$A$1:$B$357,2,0),"") | Q24: =IFERROR(VLOOKUP(Q23,科目・教員!$A$1:$B$357,2,0),"") | S24: =IFERROR(VLOOKUP(S23,科目・教員!$A$1:$B$357,2,0),"") | U24: 感染管理看護学 | W24: １０１教室
B25: 使用教室 | C25: =VLOOKUP($C2,'2025年度(1年前期)'!$B$5:$N$208,COLUMN('2025年度(1年前期)'!$K$5)+1,0)&"" | E25: =VLOOKUP($C2,'2025年度(2年前期)'!$B$5:$N$208,COLUMN('2025年度(2年前期)'!$K$5)+1,0)&"" | G25: =VLOOKUP($C2,'2025年度(3年前期)'!$B$5:$N$208,COLUMN('2025年度(3年前期)'!$K$5)+1,0)&"" | I25: =VLOOKUP($C2,'2025年度(4年前期)'!$B$5:$N$208,COLUMN('2025年度(4年前期)'!$K$5)+1,0)&"" | K25: =VLOOKUP($C2,'2025年度(助産前期)'!$B$5:$N$208,COLUMN('2025年度(助産前期)'!$K$5)+1,0)&"" | M25: =VLOOKUP($C2,'2025年度(M1前期)'!$B$5:$N$208,COLUMN('2025年度(M1前期)'!$K$5)+1,0)&"" -> ＮＣＧＭ | O25: =VLOOKUP($C2,'2025年度(M2前期)'!$B$5:$N$208,COLUMN('2025年度(M2前期)'!$K$5)+1,0)&"" | Q25: =VLOOKUP($C2,'2025年度(D1前期)'!$B$5:$N$208,COLUMN('2025年度(D1前期)'!$K$5)+1,0)&"" | S25: =VLOOKUP($C2,'2025年度(D23前期)'!$B$5:$N$208,COLUMN('2025年度(D23前期)'!$K$5)+1,0)&"" | U25: セミナールーム1 | W25: 17：00～18：00
B26: 備 考 | U26: M2横川
C27: =C2+1 -> 45840 | U27: =C27 -> 45840 | AA27: 101 | AB27: 102 | AC27: 103 | AD27: 在宅実習室 | AE27: 成人実習室 | AF27: 講堂 | AG27: 201 | AH27: 202 | AI27: 203 | AJ27: 204 | AK27: 205 | AL27: 基礎実習室 | AM27: 母性・小児実習室 | AN27: 演習21 | AO27: 演習22 | AP27: 演習23 | AQ27: 演習24 | AR27: 演習25 | AS27: 演習26 | AT27: 演習27 | AU27: 演習28 | AV27: 演習29 | AW27: 301 | AX27: 302 | AY27: 303 | AZ27: 304 | BA27: 臨床１ | BB27: 臨床２ | BC27: LL1 | BD27: LL2 | BE27: 実験室 | BF27: 情報処理室 | BG27: 演習31 | BH27: 演習32 | BI27: セミナー室１ | BJ27: セミナー室２ | BK27: セミナー室3 | BL27: セミナー室4 | BM27: セミナー室5 | BN27: 大講義室 | BO27: アリーナ | BP27: 多目的ルーム | BQ27: 研修１ | BR27: 研修３ | BS27: 研修４ | BT27: 研修５ | BU27: 研修６ | BV27: 研修７ | BW27: 視聴覚室
A28: １時限（09：20～10：50） | B28: 科目名 | C28: =VLOOKUP($C27,'2025年度(1年前期)'!$B$5:$N$208,COLUMN('2025年度(1年前期)'!$C$5),0)&"" -> 英語Ⅱ(D) | E28: =VLOOKUP($C27,'2025年度(2年前期)'!$B$5:$N$208,COLUMN('2025年度(2年前期)'!$C$5),0)&"" -> コミュニケーション論 | G28: =VLOOKUP($C27,'2025年度(3年前期)'!$B$5:$N$208,COLUMN('2025年度(3年前期)'!$C$5),0)&"" | I28: =VLOOKUP($C27,'2025年度(4年前期)'!$B$5:$N$208,COLUMN('2025年度(4年前期)'!$C$5),0)&"" -> 政策医療看護学実習 | K28: =VLOOKUP($C27,'2025年度(助産前期)'!$B$5:$N$208,COLUMN('2025年度(助産前期)'!$C$5),0)&"" -> 助産学臨床講義 | M28: =VLOOKUP($C27,'2025年度(M1前期)'!$B$5:$N$208,COLUMN('2025年度(M1前期)'!$C$5),0)&"" -> 薬理学特論 成育看護学特論Ａ－Ⅱ(母性) | O28: =VLOOKUP($C27,'2025年度(M2前期)'!$B$5:$N$208,COLUMN('2025年度(M2前期)'!$C$5),0)&"" -> 国際看護学演習Ａ－Ⅱ 看護教育学演習Ａ－Ⅱ 精神看護学演習Ａ－Ⅲ | Q28: =VLOOKUP($C27,'2025年度(D1前期)'!$B$5:$N$208,COLUMN('2025年度(D1前期)'!$C$5),0)&"" | S28: =VLOOKUP($C27,'2025年度(D23前期)'!$B$5:$N$208,COLUMN('2025年度(D23前期)'!$C$5),0)&"" -> 特別研究 | U28: 1～2限 | Y28: 終日 | Z28: =A28 -> １時限（09：20～10：50） | AB28: 英語ⅡD | AE28: 成人看護援助論Ⅲ・フィジカルアセスメント 自主練(授業優先) | AH28: コミュニケーション論 | BA28: 薬理学特論 | BB28: 精神看護学演習Ａ－Ⅲ | BI28: M2亀山
B29: 教 官 | C29: =IFERROR(VLOOKUP(C28,科目・教員!$A$1:$B$357,2,0),"") | E29: =IFERROR(VLOOKUP(E28,科目・教員!$A$1:$B$357,2,0),"") -> 高山 昇 | G29: =IFERROR(VLOOKUP(G28,科目・教員!$A$1:$B$357,2,0),"") | I29: =IFERROR(VLOOKUP(I28,科目・教員!$A$1:$B$357,2,0),"") -> 各担当教員 | K29: =IFERROR(VLOOKUP(K28,科目・教員!$A$1:$B$357,2,0),"") | M29: =IFERROR(VLOOKUP(M28,科目・教員!$A$1:$B$357,2,0),"") | O29: =IFERROR(VLOOKUP(O28,科目・教員!$A$1:$B$357,2,0),"") | Q29: =IFERROR(VLOOKUP(Q28,科目・教員!$A$1:$B$357,2,0),"") | S29: =IFERROR(VLOOKUP(S28,科目・教員!$A$1:$B$357,2,0),"") | U29: 看護情報･管理学特別研究 | Y29: 成人看護援助論Ⅲ
B30: 使用教室 | C30: =VLOOKUP($C27,'2025年度(1年前期)'!$B$5:$N$208,COLUMN('2025年度(1年前期)'!$C$5)+1,0)&"" -> 102 | E30: =VLOOKUP($C27,'2025年度(2年前期)'!$B$5:$N$208,COLUMN('2025年度(2年前期)'!$C$5)+1,0)&"" -> 202 | G30: =VLOOKUP($C27,'2025年度(3年前期)'!$B$5:$N$208,COLUMN('2025年度(3年前期)'!$C$5)+1,0)&"" | I30: =VLOOKUP($C27,'2025年度(4年前期)'!$B$5:$N$208,COLUMN('2025年度(4年前期)'!$C$5)+1,0)&"" | K30: =VLOOKUP($C27,'2025年度(助産前期)'!$B$5:$N$208,COLUMN('2025年度(助産前期)'!$C$5)+1,0)&"" | M30: =VLOOKUP($C27,'2025年度(M1前期)'!$B$5:$N$208,COLUMN('2025年度(M1前期)'!C$5)+1,0)&"" -> 薬理:臨床講義室1 成育:別途指定 | O30: =VLOOKUP($C27,'2025年度(M2前期)'!$B$5:$N$208,COLUMN('2025年度(M2前期)'!$C$5)+1,0)&"" -> 国際:別途指定 教育:別途指定 精神:臨床講義室2 | Q30: =VLOOKUP($C27,'2025年度(D1前期)'!$B$5:$N$208,COLUMN('2025年度(D1前期)'!$C$5)+1,0)&"" | S30: =VLOOKUP($C27,'2025年度(D23前期)'!$B$5:$N$208,COLUMN('2025年度(D23前期)'!$C$5)+1,0)&"" | U30: セミナールーム1 | Y30: フィジカルアセスメント
B31: 備 考 | C31: 非常勤講師控室B | E31: 非常勤講師控室A | U31: M2亀山 | Y31: 自主練
A32: ２時限（11：00～12：30） | B32: 科目名 | C32: =VLOOKUP($C27,'2025年度(1年前期)'!$B$5:$N$208,COLUMN('2025年度(1年前期)'!$E$5),0)&"" -> 英語Ⅱ(D) | E32: =VLOOKUP($C27,'2025年度(2年前期)'!$B$5:$N$208,COLUMN('2025年度(2年前期)'!$E$5),0)&"" -> 保健･医療･福祉システム | G32: =VLOOKUP($C27,'2025年度(3年前期)'!$B$5:$N$208,COLUMN('2025年度(3年前期)'!$E$5),0)&"" | I32: =VLOOKUP($C27,'2025年度(4年前期)'!$B$5:$N$208,COLUMN('2025年度(4年前期)'!$E$5),0)&"" -> 政策医療看護学実習 | K32: =VLOOKUP($C27,'2025年度(助産前期)'!$B$5:$N$208,COLUMN('2025年度(助産前期)'!$E$5),0)&"" -> 助産学臨床講義 | M32: =VLOOKUP($C27,'2025年度(M1前期)'!$B$5:$N$208,COLUMN('2025年度(M1前期)'!$E$5),0)&"" -> 薬理学特論 成育看護学特論Ａ－Ⅱ(母性) | O32: =VLOOKUP($C27,'2025年度(M2前期)'!$B$5:$N$208,COLUMN('2025年度(M2前期)'!$E$5),0)&"" -> 国際看護学演習Ａ－Ⅱ 看護教育学演習Ａ－Ⅱ 精神看護学演習Ａ－Ⅲ | Q32: =VLOOKUP($C27,'2025年度(D1前期)'!$B$5:$N$208,COLUMN('2025年度(D1前期)'!$E$5),0)&"" | S32: =VLOOKUP($C27,'2025年度(D23前期)'!$B$5:$N$208,COLUMN('2025年度(D23前期)'!$E$5),0)&"" -> 特別研究 | V32: 2限 | W32: ２限 | Z32: =A32 -> ２時限（11：00～12：30） | AB32: 英語ⅡD | AE32: 成人看護援助論Ⅲ・フィジカルアセスメント 自主練(授業優先) | AG32: 保健･医療･福祉システム | AH32: 英語 小テスト | BA32: 薬理学特論 | BB32: 精神看護学演習Ａ－Ⅲ | BI32: M2亀山 | BJ32: M2工藤
B33: 教 官 | C33: =IFERROR(VLOOKUP(C32,科目・教員!$A$1:$B$357,2,0),"") | E33: =IFERROR(VLOOKUP(E32,科目・教員!$A$1:$B$357,2,0),"") -> 渡辺 幹司 | G33: =IFERROR(VLOOKUP(G32,科目・教員!$A$1:$B$357,2,0),"") | I33: =IFERROR(VLOOKUP(I32,科目・教員!$A$1:$B$357,2,0),"") -> 各担当教員 | K33: =IFERROR(VLOOKUP(K32,科目・教員!$A$1:$B$357,2,0),"") | M33: =IFERROR(VLOOKUP(M32,科目・教員!$A$1:$B$357,2,0),"") | O33: =IFERROR(VLOOKUP(O32,科目・教員!$A$1:$B$357,2,0),"") | Q33: =IFERROR(VLOOKUP(Q32,科目・教員!$A$1:$B$357,2,0),"") | S33: =IFERROR(VLOOKUP(S32,科目・教員!$A$1:$B$357,2,0),"") | V33: 個別ゼミ | W33: 英語小テスト | Y33: 成人看護実習室
B34: 使用教室 | C34: =VLOOKUP($C27,'2025年度(1年前期)'!$B$5:$N$208,COLUMN('2025年度(1年前期)'!$E$5)+1,0)&"" -> 102 | E34: =VLOOKUP($C27,'2025年度(2年前期)'!$B$5:$N$208,COLUMN('2025年度(2年前期)'!$E$5)+1,0)&"" -> 201 | G34: =VLOOKUP($C27,'2025年度(3年前期)'!$B$5:$N$208,COLUMN('2025年度(3年前期)'!$E$5)+1,0)&"" | I34: =VLOOKUP($C27,'2025年度(4年前期)'!$B$5:$N$208,COLUMN('2025年度(4年前期)'!$E$5)+1,0)&"" | K34: =VLOOKUP($C27,'2025年度(助産前期)'!$B$5:$N$208,COLUMN('2025年度(助産前期)'!$E$5)+1,0)&"" | M34: =VLOOKUP($C27,'2025年度(M1前期)'!$B$5:$N$208,COLUMN('2025年度(M1前期)'!$E$5)+1,0)&"" -> 薬理:臨床講義室1 成育:別途指定 | O34: =VLOOKUP($C27,'2025年度(M2前期)'!$B$5:$N$208,COLUMN('2025年度(M2前期)'!$E$5)+1,0)&"" -> 国際:別途指定 教育:別途指定 精神:臨床講義室2 | Q34: =VLOOKUP($C27,'2025年度(D1前期)'!$B$5:$N$208,COLUMN('2025年度(D1前期)'!$E$5)+1,0)&"" | S34: =VLOOKUP($C27,'2025年度(D23前期)'!$B$5:$N$208,COLUMN('2025年度(D23前期)'!$E$5)+1,0)&"" | V34: セミナールーム2 | W34: 202教室 | Y34: (授業使用を優先)
B35: 備 考 | C35: 非常勤講師控室B | V35: M2工藤 | W35: 教務係 | Y35: 長岡先生
A36: 昼休み（12：30～13：30） | B36: 活動名 | Z36: =A36 -> 昼休み（12：30～13：30）
B37: 責任者
B38: 使用教室
B39: 備 考
A40: ３時限（13：30～15：00） | B40: 科目名 | C40: =VLOOKUP($C27,'2025年度(1年前期)'!$B$5:$N$208,COLUMN('2025年度(1年前期)'!$G$5),0)&"" -> 人体の構造と機能Ⅱ | E40: =VLOOKUP($C27,'2025年度(2年前期)'!$B$5:$N$208,COLUMN('2025年度(2年前期)'!$G$5),0)&"" | G40: =VLOOKUP($C27,'2025年度(3年前期)'!$B$5:$N$208,COLUMN('2025年度(3年前期)'!$G$5),0)&"" | I40: =VLOOKUP($C27,'2025年度(4年前期)'!$B$5:$N$208,COLUMN('2025年度(4年前期)'!$G$5),0)&"" -> 政策医療看護学実習 | K40: =VLOOKUP($C27,'2025年度(助産前期)'!$B$5:$N$208,COLUMN('2025年度(助産前期)'!$G$5),0)&"" -> 助産学臨床講義 | M40: =VLOOKUP($C27,'2025年度(M1前期)'!$B$5:$N$208,COLUMN('2025年度(M1前期)'!$G$5),0)&"" -> 看護情報・管理学特論Ａ－Ⅱ 長寿看護学特論Ａ－Ⅱ | O40: =VLOOKUP($C27,'2025年度(M2前期)'!$B$5:$N$208,COLUMN('2025年度(M2前期)'!$G$5),0)&"" -> 特別研究 | Q40: =VLOOKUP($C27,'2025年度(D1前期)'!$B$5:$N$208,COLUMN('2025年度(D1前期)'!$G$5),0)&"" -> 国際看護学演習Ｂ | S40: =VLOOKUP($C27,'2025年度(D23前期)'!$B$5:$N$208,COLUMN('2025年度(D23前期)'!$G$5),0)&"" -> 特別研究 | Z40: =A40 -> ３時限（13：30～15：00） | AA40: 人体の構造と機能Ⅱ | AE40: 成人看護援助論Ⅲ・フィジカルアセスメント 自主練(授業優先)
B41: 教 官 | C41: =IFERROR(VLOOKUP(C40,科目・教員!$A$1:$B$357,2,0),"") -> 本間 典子 | E41: =IFERROR(VLOOKUP(E40,科目・教員!$A$1:$B$357,2,0),"") | G41: =IFERROR(VLOOKUP(G40,科目・教員!$A$1:$B$357,2,0),"") | I41: =IFERROR(VLOOKUP(I40,科目・教員!$A$1:$B$357,2,0),"") -> 各担当教員 | K41: =IFERROR(VLOOKUP(K40,科目・教員!$A$1:$B$357,2,0),"") | M41: =IFERROR(VLOOKUP(M40,科目・教員!$A$1:$B$357,2,0),"") | O41: =IFERROR(VLOOKUP(O40,科目・教員!$A$1:$B$357,2,0),"") | Q41: =IFERROR(VLOOKUP(Q40,科目・教員!$A$1:$B$357,2,0),"") | S41: =IFERROR(VLOOKUP(S40,科目・教員!$A$1:$B$357,2,0),"")
B42: 使用教室 | C42: =VLOOKUP($C27,'2025年度(1年前期)'!$B$5:$N$208,COLUMN('2025年度(1年前期)'!$G$5)+1,0)&"" -> 101 | E42: =VLOOKUP($C27,'2025年度(2年前期)'!$B$5:$N$208,COLUMN('2025年度(2年前期)'!$G$5)+1,0)&"" | G42: =VLOOKUP($C27,'2025年度(3年前期)'!$B$5:$N$208,COLUMN('2025年度(3年前期)'!$G$5)+1,0)&"" | I42: =VLOOKUP($C27,'2025年度(4年前期)'!$B$5:$N$208,COLUMN('2025年度(4年前期)'!$G$5)+1,0)&"" | K42: =VLOOKUP($C27,'2025年度(助産前期)'!$B$5:$N$208,COLUMN('2025年度(助産前期)'!$G$5)+1,0)&"" | M42: =VLOOKUP($C27,'2025年度(M1前期)'!$B$5:$N$208,COLUMN('2025年度(M1前期)'!$G$5)+1,0)&"" -> 情報:別途指定 長寿:別途指定 | O42: =VLOOKUP($C27,'2025年度(M2前期)'!$B$5:$N$208,COLUMN('2025年度(M2前期)'!$G$5)+1,0)&"" | Q42: =VLOOKUP($C27,'2025年度(D1前期)'!$B$5:$N$208,COLUMN('2025年度(D1前期)'!$G$5)+1,0)&"" -> 別途指定 | S42: =VLOOKUP($C27,'2025年度(D23前期)'!$B$5:$N$208,COLUMN('2025年度(D23前期)'!$G$5)+1,0)&""
B43: 備 考
A44: ４時限（15：10～16：40） | B44: 科目名 | C44: =VLOOKUP($C27,'2025年度(1年前期)'!$B$5:$N$208,COLUMN('2025年度(1年前期)'!$I$5),0)&"" | E44: =VLOOKUP($C27,'2025年度(2年前期)'!$B$5:$N$208,COLUMN('2025年度(2年前期)'!$I$5),0)&"" | G44: =VLOOKUP($C27,'2025年度(3年前期)'!$B$5:$N$208,COLUMN('2025年度(3年前期)'!$I$5),0)&"" | I44: =VLOOKUP($C27,'2025年度(4年前期)'!$B$5:$N$208,COLUMN('2025年度(4年前期)'!$I$5),0)&"" -> 政策医療看護学実習 | K44: =VLOOKUP($C27,'2025年度(助産前期)'!$B$5:$N$208,COLUMN('2025年度(助産前期)'!$I$5),0)&"" -> 助産学臨床講義 | M44: =VLOOKUP($C27,'2025年度(M1前期)'!$B$5:$N$208,COLUMN('2025年度(M1前期)'!$I$5),0)&"" -> 看護情報・管理学特論Ａ－Ⅱ 長寿看護学特論Ａ－Ⅱ | O44: =VLOOKUP($C27,'2025年度(M2前期)'!$B$5:$N$208,COLUMN('2025年度(M2前期)'!$I$5),0)&"" -> 特別研究 | Q44: =VLOOKUP($C27,'2025年度(D1前期)'!$B$5:$N$208,COLUMN('2025年度(D1前期)'!$I$5),0)&"" -> 国際看護学演習Ｂ | S44: =VLOOKUP($C27,'2025年度(D23前期)'!$B$5:$N$208,COLUMN('2025年度(D23前期)'!$I$5),0)&"" -> 特別研究 | U44: 4限 | Z44: =A44 -> ４時限（15：10～16：40） | AE44: 成人看護援助論Ⅲ・フィジカルアセスメント 自主練(授業優先) | BI44: D3坂口 | BJ44: 感染管理看護学
B45: 教 官 | C45: =IFERROR(VLOOKUP(C44,科目・教員!$A$1:$B$357,2,0),"") | E45: =IFERROR(VLOOKUP(E44,科目・教員!$A$1:$B$357,2,0),"") | G45: =IFERROR(VLOOKUP(G44,科目・教員!$A$1:$B$357,2,0),"") | I45: =IFERROR(VLOOKUP(I44,科目・教員!$A$1:$B$357,2,0),"") -> 各担当教員 | K45: =IFERROR(VLOOKUP(K44,科目・教員!$A$1:$B$357,2,0),"") | M45: =IFERROR(VLOOKUP(M44,科目・教員!$A$1:$B$357,2,0),"") | O45: =IFERROR(VLOOKUP(O44,科目・教員!$A$1:$B$357,2,0),"") | Q45: =IFERROR(VLOOKUP(Q44,科目・教員!$A$1:$B$357,2,0),"") | S45: =IFERROR(VLOOKUP(S44,科目・教員!$A$1:$B$357,2,0),"") | U45: 感染管理看護学
B46: 使用教室 | C46: =VLOOKUP($C27,'2025年度(1年前期)'!$B$5:$N$208,COLUMN('2025年度(1年前期)'!$I$5)+1,0)&"" | E46: =VLOOKUP($C27,'2025年度(2年前期)'!$B$5:$N$208,COLUMN('2025年度(2年前期)'!$I$5)+1,0)&"" | G46: =VLOOKUP($C27,'2025年度(3年前期)'!$B$5:$N$208,COLUMN('2025年度(3年前期)'!$I$5)+1,0)&"" | I46: =VLOOKUP($C27,'2025年度(4年前期)'!$B$5:$N$208,COLUMN('2025年度(4年前期)'!$I$5)+1,0)&"" | K46: =VLOOKUP($C27,'2025年度(助産前期)'!$B$5:$N$208,COLUMN('2025年度(助産前期)'!$I$5)+1,0)&"" | M46: =VLOOKUP($C27,'2025年度(M1前期)'!$B$5:$N$208,COLUMN('2025年度(M1前期)'!$I$5)+1,0)&"" -> 情報:別途指定 長寿:別途指定 | O46: =VLOOKUP($C27,'2025年度(M2前期)'!$B$5:$N$208,COLUMN('2025年度(M2前期)'!$I$5)+1,0)&"" | Q46: =VLOOKUP($C27,'2025年度(D1前期)'!$B$5:$N$208,COLUMN('2025年度(D1前期)'!$I$5)+1,0)&"" -> 別途指定 | S46: =VLOOKUP($C27,'2025年度(D23前期)'!$B$5:$N$208,COLUMN('2025年度(D23前期)'!$I$5)+1,0)&"" | U46: セミナールーム2
B47: 備 考 | U47: 森(那)先生
A48: ５時限（16：50～18：20） | B48: 科目名 | C48: =VLOOKUP($C27,'2025年度(1年前期)'!$B$5:$N$208,COLUMN('2025年度(1年前期)'!$K$5),0)&"" | E48: =VLOOKUP($C27,'2025年度(2年前期)'!$B$5:$N$208,COLUMN('2025年度(2年前期)'!$K$5),0)&"" | G48: =VLOOKUP($C27,'2025年度(3年前期)'!$B$5:$N$208,COLUMN('2025年度(3年前期)'!$K$5),0)&"" | I48: =VLOOKUP($C27,'2025年度(4年前期)'!$B$5:$N$208,COLUMN('2025年度(4年前期)'!$K$5),0)&"" | K48: =VLOOKUP($C27,'2025年度(助産前期)'!$B$5:$N$208,COLUMN('2025年度(助産前期)'!$K$5),0)&"" | M48: =VLOOKUP($C27,'2025年度(M1前期)'!$B$5:$N$208,COLUMN('2025年度(M1前期)'!$K$5),0)&"" | O48: =VLOOKUP($C27,'2025年度(M2前期)'!$B$5:$N$208,COLUMN('2025年度(M2前期)'!$K$5),0)&"" | Q48: =VLOOKUP($C27,'2025年度(D1前期)'!$B$5:$N$208,COLUMN('2025年度(D1前期)'!$K$5),0)&"" | S48: =VLOOKUP($C27,'2025年度(D23前期)'!$B$5:$N$208,COLUMN('2025年度(D23前期)'!$K$5),0)&"" | U48: 5限 | Z48: =A48 -> ５時限（16：50～18：20） | AW48: 研究課程部 感染管理看護科目
B49: 教 官 | C49: =IFERROR(VLOOKUP(C48,科目・教員!$A$1:$B$357,2,0),"") | E49: =IFERROR(VLOOKUP(E48,科目・教員!$A$1:$B$357,2,0),"") | G49: =IFERROR(VLOOKUP(G48,科目・教員!$A$1:$B$357,2,0),"") | I49: =IFERROR(VLOOKUP(I48,科目・教員!$A$1:$B$357,2,0),"") | K49: =IFERROR(VLOOKUP(K48,科目・教員!$A$1:$B$357,2,0),"") | M49: =IFERROR(VLOOKUP(M48,科目・教員!$A$1:$B$357,2,0),"") | O49: =IFERROR(VLOOKUP(O48,科目・教員!$A$1:$B$357,2,0),"") | Q49: =IFERROR(VLOOKUP(Q48,科目・教員!$A$1:$B$357,2,0),"") | S49: =IFERROR(VLOOKUP(S48,科目・教員!$A$1:$B$357,2,0),"") | U49: 研究課程部 感染管理看護科目
B50: 使用教室 | C50: =VLOOKUP($C27,'2025年度(1年前期)'!$B$5:$N$208,COLUMN('2025年度(1年前期)'!$K$5)+1,0)&"" | E50: =VLOOKUP($C27,'2025年度(2年前期)'!$B$5:$N$208,COLUMN('2025年度(2年前期)'!$K$5)+1,0)&"" | G50: =VLOOKUP($C27,'2025年度(3年前期)'!$B$5:$N$208,COLUMN('2025年度(3年前期)'!$K$5)+1,0)&"" | I50: =VLOOKUP($C27,'2025年度(4年前期)'!$B$5:$N$208,COLUMN('2025年度(4年前期)'!$K$5)+1,0)&"" | K50: =VLOOKUP($C27,'2025年度(助産前期)'!$B$5:$N$208,COLUMN('2025年度(助産前期)'!$K$5)+1,0)&"" | M50: =VLOOKUP($C27,'2025年度(M1前期)'!$B$5:$N$208,COLUMN('2025年度(M1前期)'!$K$5)+1,0)&"" | O50: =VLOOKUP($C27,'2025年度(M2前期)'!$B$5:$N$208,COLUMN('2025年度(M2前期)'!$K$5)+1,0)&"" | Q50: =VLOOKUP($C27,'2025年度(D1前期)'!$B$5:$N$208,COLUMN('2025年度(D1前期)'!$K$5)+1,0)&"" | S50: =VLOOKUP($C27,'2025年度(D23前期)'!$B$5:$N$208,COLUMN('2025年度(D23前期)'!$K$5)+1,0)&"" | U50: 301教室
B51: 備 考 | U51: 森(那)先生
C52: =C27+1 -> 45841 | U52: =C52 -> 45841 | AA52: 101 | AB52: 102 | AC52: 103 | AD52: 在宅実習室 | AE52: 成人実習室 | AF52: 講堂 | AG52: 201 | AH52: 202 | AI52: 203 | AJ52: 204 | AK52: 205 | AL52: 基礎実習室 | AM52: 母性・小児実習室 | AN52: 演習21 | AO52: 演習22 | AP52: 演習23 | AQ52: 演習24 | AR52: 演習25 | AS52: 演習26 | AT52: 演習27 | AU52: 演習28 | AV52: 演習29 | AW52: 301 | AX52: 302 | AY52: 303 | AZ52: 304 | BA52: 臨床１ | BB52: 臨床２ | BC52: LL1 | BD52: LL2 | BE52: 実験室 | BF52: 情報処理室 | BG52: 演習31 | BH52: 演習32 | BI52: セミナー室１ | BJ52: セミナー室２ | BK52: セミナー室3 | BL52: セミナー室4 | BM52: セミナー室5 | BN52: 大講義室 | BO52: アリーナ | BP52: 多目的ルーム | BQ52: 研修１ | BR52: 研修３ | BS52: 研修４ | BT52: 研修５ | BU52: 研修６ | BV52: 研修７ | BW52: 視聴覚室
A53: １時限（09：20～10：50） | B53: 科目名 | C53: =VLOOKUP($C52,'2025年度(1年前期)'!$B$5:$N$208,COLUMN('2025年度(1年前期)'!$C$5),0)&"" -> 疫学･保健統計学Ⅰ | E53: =VLOOKUP($C52,'2025年度(2年前期)'!$B$5:$N$208,COLUMN('2025年度(2年前期)'!$C$5),0)&"" | G53: =VLOOKUP($C52,'2025年度(3年前期)'!$B$5:$N$208,COLUMN('2025年度(3年前期)'!$C$5),0)&"" -> 英語Ⅴ | I53: =VLOOKUP($C52,'2025年度(4年前期)'!$B$5:$N$208,COLUMN('2025年度(4年前期)'!$C$5),0)&"" -> 政策医療看護学実習 | K53: =VLOOKUP($C52,'2025年度(助産前期)'!$B$5:$N$208,COLUMN('2025年度(助産前期)'!$C$5),0)&"" -> 助産学臨床講義 | M53: =VLOOKUP($C52,'2025年度(M1前期)'!$B$5:$N$208,COLUMN('2025年度(M1前期)'!$C$5),0)&"" -> 看護教育学特論Ａ－Ⅱ 感染管理看護学特論Ａ－Ⅲ 精神看護学特論Ａ－Ⅲ 成育看護学特論Ａ－Ⅱ(小児) | O53: =VLOOKUP($C52,'2025年度(M2前期)'!$B$5:$N$208,COLUMN('2025年度(M2前期)'!$C$5),0)&"" -> 長寿看護学演習Ａ－Ⅱ | Q53: =VLOOKUP($C52,'2025年度(D1前期)'!$B$5:$N$208,COLUMN('2025年度(D1前期)'!$C$5),0)&"" | S53: =VLOOKUP($C52,'2025年度(D23前期)'!$B$5:$N$208,COLUMN('2025年度(D23前期)'!$C$5),0)&"" -> 特別研究 | V53: 10時～１１時 | Y53: 終日 | Z53: =A53 -> １時限（09：20～10：50） | AA53: 疫学･保健統計学Ⅰ | AE53: 成人看護援助論Ⅲ・フィジカルアセスメント 自主練(授業優先) | AG53: 英語Ⅴ | AW53: 政策医療看護学実習(感染) | BA53: 精神看護学特論Ａ－Ⅲ | BB53: 成育看護学特論A-Ⅱ(小児) | BK53: M2 金児
B54: 教 官 | C54: =IFERROR(VLOOKUP(C53,科目・教員!$A$1:$B$357,2,0),"") -> 柏木 公一 | E54: =IFERROR(VLOOKUP(E53,科目・教員!$A$1:$B$357,2,0),"") | G54: =IFERROR(VLOOKUP(G53,科目・教員!$A$1:$B$357,2,0),"") | I54: =IFERROR(VLOOKUP(I53,科目・教員!$A$1:$B$357,2,0),"") -> 各担当教員 | K54: =IFERROR(VLOOKUP(K53,科目・教員!$A$1:$B$357,2,0),"") | M54: =IFERROR(VLOOKUP(M53,科目・教員!$A$1:$B$357,2,0),"") | O54: =IFERROR(VLOOKUP(O53,科目・教員!$A$1:$B$357,2,0),"") | Q54: =IFERROR(VLOOKUP(Q53,科目・教員!$A$1:$B$357,2,0),"") | S54: =IFERROR(VLOOKUP(S53,科目・教員!$A$1:$B$357,2,0),"") | V54: ゼミ | Y54: 成人看護援助論Ⅲ
B55: 使用教室 | C55: =VLOOKUP($C52,'2025年度(1年前期)'!$B$5:$N$208,COLUMN('2025年度(1年前期)'!$C$5)+1,0)&"" -> 101 | E55: =VLOOKUP($C52,'2025年度(2年前期)'!$B$5:$N$208,COLUMN('2025年度(2年前期)'!$C$5)+1,0)&"" | G55: =VLOOKUP($C52,'2025年度(3年前期)'!$B$5:$N$208,COLUMN('2025年度(3年前期)'!$C$5)+1,0)&"" -> 201 | I55: =VLOOKUP($C52,'2025年度(4年前期)'!$B$5:$N$208,COLUMN('2025年度(4年前期)'!$C$5)+1,0)&"" -> 感染:301 | K55: =VLOOKUP($C52,'2025年度(助産前期)'!$B$5:$N$208,COLUMN('2025年度(助産前期)'!$C$5)+1,0)&"" | M55: =VLOOKUP($C52,'2025年度(M1前期)'!$B$5:$N$208,COLUMN('2025年度(M1前期)'!C$5)+1,0)&"" -> 教育:別途指定 感染:別途指定 精神:臨床講義室1 成育:臨床講義室2 | O55: =VLOOKUP($C52,'2025年度(M2前期)'!$B$5:$N$208,COLUMN('2025年度(M2前期)'!$C$5)+1,0)&"" -> 別途指定 | Q55: =VLOOKUP($C52,'2025年度(D1前期)'!$B$5:$N$208,COLUMN('2025年度(D1前期)'!$C$5)+1,0)&"" | S55: =VLOOKUP($C52,'2025年度(D23前期)'!$B$5:$N$208,COLUMN('2025年度(D23前期)'!$C$5)+1,0)&"" | V55: セミナールーム３ | Y55: フィジカルアセスメント
B56: 備 考 | G56: 非常勤講師控室A | V56: M2金児 | Y56: 自主練
A57: ２時限（11：00～12：30） | B57: 科目名 | C57: =VLOOKUP($C52,'2025年度(1年前期)'!$B$5:$N$208,COLUMN('2025年度(1年前期)'!$E$5),0)&"" -> 英語Ⅱ(C) 情報リテラシー(AB) | E57: =VLOOKUP($C52,'2025年度(2年前期)'!$B$5:$N$208,COLUMN('2025年度(2年前期)'!$E$5),0)&"" | G57: =VLOOKUP($C52,'2025年度(3年前期)'!$B$5:$N$208,COLUMN('2025年度(3年前期)'!$E$5),0)&"" -> 看護と安全 | I57: =VLOOKUP($C52,'2025年度(4年前期)'!$B$5:$N$208,COLUMN('2025年度(4年前期)'!$E$5),0)&"" -> 政策医療看護学実習 | K57: =VLOOKUP($C52,'2025年度(助産前期)'!$B$5:$N$208,COLUMN('2025年度(助産前期)'!$E$5),0)&"" -> 助産学臨床講義 | M57: =VLOOKUP($C52,'2025年度(M1前期)'!$B$5:$N$208,COLUMN('2025年度(M1前期)'!$E$5),0)&"" -> 看護教育学特論Ａ－Ⅱ 感染管理看護学特論Ａ－Ⅲ 精神看護学特論Ａ－Ⅲ 成育看護学特論Ａ－Ⅱ(小児) | O57: =VLOOKUP($C52,'2025年度(M2前期)'!$B$5:$N$208,COLUMN('2025年度(M2前期)'!$E$5),0)&"" -> 長寿看護学演習Ａ－Ⅱ | Q57: =VLOOKUP($C52,'2025年度(D1前期)'!$B$5:$N$208,COLUMN('2025年度(D1前期)'!$E$5),0)&"" | S57: =VLOOKUP($C52,'2025年度(D23前期)'!$B$5:$N$208,COLUMN('2025年度(D23前期)'!$E$5),0)&"" -> 特別研究 | Z57: =A57 -> ２時限（11：00～12：30） | AA57: 情報リテラシー | AE57: 成人看護援助論Ⅲ・フィジカルアセスメント 自主練(授業優先) | AG57: 看護と安全 | AH57: 英語ⅡC | AW57: 政策医療看護学実習(感染) | BA57: 精神看護学特論Ａ－Ⅲ | BB57: 成育看護学特論A-Ⅱ(小児)
B58: 教 官 | C58: =IFERROR(VLOOKUP(C57,科目・教員!$A$1:$B$357,2,0),"") | E58: =IFERROR(VLOOKUP(E57,科目・教員!$A$1:$B$357,2,0),"") | G58: =IFERROR(VLOOKUP(G57,科目・教員!$A$1:$B$357,2,0),"") -> 小澤 三枝子 | I58: =IFERROR(VLOOKUP(I57,科目・教員!$A$1:$B$357,2,0),"") -> 各担当教員 | K58: =IFERROR(VLOOKUP(K57,科目・教員!$A$1:$B$357,2,0),"") | M58: =IFERROR(VLOOKUP(M57,科目・教員!$A$1:$B$357,2,0),"") | O58: =IFERROR(VLOOKUP(O57,科目・教員!$A$1:$B$357,2,0),"") | Q58: =IFERROR(VLOOKUP(Q57,科目・教員!$A$1:$B$357,2,0),"") | S58: =IFERROR(VLOOKUP(S57,科目・教員!$A$1:$B$357,2,0),"") | Y58: 成人看護実習室
B59: 使用教室 | C59: =VLOOKUP($C52,'2025年度(1年前期)'!$B$5:$N$208,COLUMN('2025年度(1年前期)'!$E$5)+1,0)&"" -> 英C:202 情報:101 | E59: =VLOOKUP($C52,'2025年度(2年前期)'!$B$5:$N$208,COLUMN('2025年度(2年前期)'!$E$5)+1,0)&"" | G59: =VLOOKUP($C52,'2025年度(3年前期)'!$B$5:$N$208,COLUMN('2025年度(3年前期)'!$E$5)+1,0)&"" -> 201 | I59: =VLOOKUP($C52,'2025年度(4年前期)'!$B$5:$N$208,COLUMN('2025年度(4年前期)'!$E$5)+1,0)&"" -> 感染:301 | K59: =VLOOKUP($C52,'2025年度(助産前期)'!$B$5:$N$208,COLUMN('2025年度(助産前期)'!$E$5)+1,0)&"" | M59: =VLOOKUP($C52,'2025年度(M1前期)'!$B$5:$N$208,COLUMN('2025年度(M1前期)'!$E$5)+1,0)&"" -> 教育:別途指定 感染:別途指定 精神:臨床講義室1 成育:臨床講義室2 | O59: =VLOOKUP($C52,'2025年度(M2前期)'!$B$5:$N$208,COLUMN('2025年度(M2前期)'!$E$5)+1,0)&"" -> 別途指定 | Q59: =VLOOKUP($C52,'2025年度(D1前期)'!$B$5:$N$208,COLUMN('2025年度(D1前期)'!$E$5)+1,0)&"" | S59: =VLOOKUP($C52,'2025年度(D23前期)'!$B$5:$N$208,COLUMN('2025年度(D23前期)'!$E$5)+1,0)&"" | Y59: (授業使用を優先)
B60: 備 考 | C60: 非常勤講師控室A | Y60: 長岡先生
A61: 昼休み（12：30～13：30） | B61: 活動名 | Z61: =A61 -> 昼休み（12：30～13：30）
B62: 責任者
B63: 使用教室
B64: 備 考
A65: ３時限（13：30～15：00） | B65: 科目名 | C65: =VLOOKUP($C52,'2025年度(1年前期)'!$B$5:$N$208,COLUMN('2025年度(1年前期)'!$G$5),0)&"" -> 英語Ⅱ(A) 情報リテラシー(CD) | E65: =VLOOKUP($C52,'2025年度(2年前期)'!$B$5:$N$208,COLUMN('2025年度(2年前期)'!$G$5),0)&"" | G65: =VLOOKUP($C52,'2025年度(3年前期)'!$B$5:$N$208,COLUMN('2025年度(3年前期)'!$G$5),0)&"" -> 小児看護援助論Ⅱ | I65: =VLOOKUP($C52,'2025年度(4年前期)'!$B$5:$N$208,COLUMN('2025年度(4年前期)'!$G$5),0)&"" -> 政策医療看護学実習 | K65: =VLOOKUP($C52,'2025年度(助産前期)'!$B$5:$N$208,COLUMN('2025年度(助産前期)'!$G$5),0)&"" -> 助産学臨床講義 | M65: =VLOOKUP($C52,'2025年度(M1前期)'!$B$5:$N$208,COLUMN('2025年度(M1前期)'!$G$5),0)&"" -> 精神看護学特論Ａ－Ⅳ(慢性期精神看護) | O65: =VLOOKUP($C52,'2025年度(M2前期)'!$B$5:$N$208,COLUMN('2025年度(M2前期)'!$G$5),0)&"" -> 特別研究 | Q65: =VLOOKUP($C52,'2025年度(D1前期)'!$B$5:$N$208,COLUMN('2025年度(D1前期)'!$G$5),0)&"" | S65: =VLOOKUP($C52,'2025年度(D23前期)'!$B$5:$N$208,COLUMN('2025年度(D23前期)'!$G$5),0)&"" -> 特別研究 | Z65: =A65 -> ３時限（13：30～15：00） | AA65: 情報リテラシー | AE65: 成人看護援助論Ⅲ・フィジカルアセスメント 自主練(授業優先) | AH65: 英語ⅡA | BA65: M1山口 | BN65: 小児看護援助論Ⅱ
B66: 教 官 | C66: =IFERROR(VLOOKUP(C65,科目・教員!$A$1:$B$357,2,0),"") | E66: =IFERROR(VLOOKUP(E65,科目・教員!$A$1:$B$357,2,0),"") | G66: =IFERROR(VLOOKUP(G65,科目・教員!$A$1:$B$357,2,0),"") -> 遠藤 数江 | I66: =IFERROR(VLOOKUP(I65,科目・教員!$A$1:$B$357,2,0),"") -> 各担当教員 | K66: =IFERROR(VLOOKUP(K65,科目・教員!$A$1:$B$357,2,0),"") | M66: =IFERROR(VLOOKUP(M65,科目・教員!$A$1:$B$357,2,0),"") | O66: =IFERROR(VLOOKUP(O65,科目・教員!$A$1:$B$357,2,0),"") | Q66: =IFERROR(VLOOKUP(Q65,科目・教員!$A$1:$B$357,2,0),"") | S66: =IFERROR(VLOOKUP(S65,科目・教員!$A$1:$B$357,2,0),"")
B67: 使用教室 | C67: =VLOOKUP($C52,'2025年度(1年前期)'!$B$5:$N$208,COLUMN('2025年度(1年前期)'!$G$5)+1,0)&"" -> 英A:202 情報:101 | E67: =VLOOKUP($C52,'2025年度(2年前期)'!$B$5:$N$208,COLUMN('2025年度(2年前期)'!$G$5)+1,0)&"" | G67: =VLOOKUP($C52,'2025年度(3年前期)'!$B$5:$N$208,COLUMN('2025年度(3年前期)'!$G$5)+1,0)&"" -> 大講義室 | I67: =VLOOKUP($C52,'2025年度(4年前期)'!$B$5:$N$208,COLUMN('2025年度(4年前期)'!$G$5)+1,0)&"" | K67: =VLOOKUP($C52,'2025年度(助産前期)'!$B$5:$N$208,COLUMN('2025年度(助産前期)'!$G$5)+1,0)&"" | M67: =VLOOKUP($C52,'2025年度(M1前期)'!$B$5:$N$208,COLUMN('2025年度(M1前期)'!$G$5)+1,0)&"" -> 精神：別途指定 | O67: =VLOOKUP($C52,'2025年度(M2前期)'!$B$5:$N$208,COLUMN('2025年度(M2前期)'!$G$5)+1,0)&"" | Q67: =VLOOKUP($C52,'2025年度(D1前期)'!$B$5:$N$208,COLUMN('2025年度(D1前期)'!$G$5)+1,0)&"" | S67: =VLOOKUP($C52,'2025年度(D23前期)'!$B$5:$N$208,COLUMN('2025年度(D23前期)'!$G$5)+1,0)&""
B68: 備 考 | C68: 非常勤講師控室A
A69: ４時限（15：10～16：40） | B69: 科目名 | C69: =VLOOKUP($C52,'2025年度(1年前期)'!$B$5:$N$208,COLUMN('2025年度(1年前期)'!$I$5),0)&"" -> 人間存在の哲学 | E69: =VLOOKUP($C52,'2025年度(2年前期)'!$B$5:$N$208,COLUMN('2025年度(2年前期)'!$I$5),0)&"" | G69: =VLOOKUP($C52,'2025年度(3年前期)'!$B$5:$N$208,COLUMN('2025年度(3年前期)'!$I$5),0)&"" -> 小児看護援助論Ⅱ | I69: =VLOOKUP($C52,'2025年度(4年前期)'!$B$5:$N$208,COLUMN('2025年度(4年前期)'!$I$5),0)&"" -> 政策医療看護学実習 | K69: =VLOOKUP($C52,'2025年度(助産前期)'!$B$5:$N$208,COLUMN('2025年度(助産前期)'!$I$5),0)&"" -> 助産学臨床講義 | M69: =VLOOKUP($C52,'2025年度(M1前期)'!$B$5:$N$208,COLUMN('2025年度(M1前期)'!$I$5),0)&"" -> 精神看護学特論Ａ－Ⅳ(慢性期精神看護) | O69: =VLOOKUP($C52,'2025年度(M2前期)'!$B$5:$N$208,COLUMN('2025年度(M2前期)'!$I$5),0)&"" -> 特別研究 | Q69: =VLOOKUP($C52,'2025年度(D1前期)'!$B$5:$N$208,COLUMN('2025年度(D1前期)'!$I$5),0)&"" | S69: =VLOOKUP($C52,'2025年度(D23前期)'!$B$5:$N$208,COLUMN('2025年度(D23前期)'!$I$5),0)&"" -> 特別研究 | Y69: バトミントンサークル | Z69: =A69 -> ４時限（15：10～16：40） | AA69: 人間存在の哲学 | AE69: 成人看護援助論Ⅲ・フィジカルアセスメント 自主練(授業優先) | BN69: 小児看護援助論Ⅱ | BO69: バトミントンサークル
B70: 教 官 | C70: =IFERROR(VLOOKUP(C69,科目・教員!$A$1:$B$357,2,0),"") -> 小島 優子 | E70: =IFERROR(VLOOKUP(E69,科目・教員!$A$1:$B$357,2,0),"") | G70: =IFERROR(VLOOKUP(G69,科目・教員!$A$1:$B$357,2,0),"") -> 遠藤 数江 | I70: =IFERROR(VLOOKUP(I69,科目・教員!$A$1:$B$357,2,0),"") -> 各担当教員 | K70: =IFERROR(VLOOKUP(K69,科目・教員!$A$1:$B$357,2,0),"") | M70: =IFERROR(VLOOKUP(M69,科目・教員!$A$1:$B$357,2,0),"") | O70: =IFERROR(VLOOKUP(O69,科目・教員!$A$1:$B$357,2,0),"") | Q70: =IFERROR(VLOOKUP(Q69,科目・教員!$A$1:$B$357,2,0),"") | S70: =IFERROR(VLOOKUP(S69,科目・教員!$A$1:$B$357,2,0),"") | Y70: 体育棟アリーナ
B71: 使用教室 | C71: =VLOOKUP($C52,'2025年度(1年前期)'!$B$5:$N$208,COLUMN('2025年度(1年前期)'!$I$5)+1,0)&"" -> 101 | E71: =VLOOKUP($C52,'2025年度(2年前期)'!$B$5:$N$208,COLUMN('2025年度(2年前期)'!$I$5)+1,0)&"" | G71: =VLOOKUP($C52,'2025年度(3年前期)'!$B$5:$N$208,COLUMN('2025年度(3年前期)'!$I$5)+1,0)&"" -> 大講義室 | I71: =VLOOKUP($C52,'2025年度(4年前期)'!$B$5:$N$208,COLUMN('2025年度(4年前期)'!$I$5)+1,0)&"" | K71: =VLOOKUP($C52,'2025年度(助産前期)'!$B$5:$N$208,COLUMN('2025年度(助産前期)'!$I$5)+1,0)&"" | M71: =VLOOKUP($C52,'2025年度(M1前期)'!$B$5:$N$208,COLUMN('2025年度(M1前期)'!$I$5)+1,0)&"" -> 精神：別途指定 | O71: =VLOOKUP($C52,'2025年度(M2前期)'!$B$5:$N$208,COLUMN('2025年度(M2前期)'!$I$5)+1,0)&"" | Q71: =VLOOKUP($C52,'2025年度(D1前期)'!$B$5:$N$208,COLUMN('2025年度(D1前期)'!$I$5)+1,0)&"" | S71: =VLOOKUP($C52,'2025年度(D23前期)'!$B$5:$N$208,COLUMN('2025年度(D23前期)'!$I$5)+1,0)&"" | Y71: 15：00～19：00
B72: 備 考
A73: ５時限（16：50～18：20） | B73: 科目名 | C73: =VLOOKUP($C52,'2025年度(1年前期)'!$B$5:$N$208,COLUMN('2025年度(1年前期)'!$K$5),0)&"" -> フランス語 | E73: =VLOOKUP($C52,'2025年度(2年前期)'!$B$5:$N$208,COLUMN('2025年度(2年前期)'!$K$5),0)&"" | G73: =VLOOKUP($C52,'2025年度(3年前期)'!$B$5:$N$208,COLUMN('2025年度(3年前期)'!$K$5),0)&"" | I73: =VLOOKUP($C52,'2025年度(4年前期)'!$B$5:$N$208,COLUMN('2025年度(4年前期)'!$K$5),0)&"" | K73: =VLOOKUP($C52,'2025年度(助産前期)'!$B$5:$N$208,COLUMN('2025年度(助産前期)'!$K$5),0)&"" | M73: =VLOOKUP($C52,'2025年度(M1前期)'!$B$5:$N$208,COLUMN('2025年度(M1前期)'!$K$5),0)&"" | O73: =VLOOKUP($C52,'2025年度(M2前期)'!$B$5:$N$208,COLUMN('2025年度(M2前期)'!$K$5),0)&"" | Q73: =VLOOKUP($C52,'2025年度(D1前期)'!$B$5:$N$208,COLUMN('2025年度(D1前期)'!$K$5),0)&"" | S73: =VLOOKUP($C52,'2025年度(D23前期)'!$B$5:$N$208,COLUMN('2025年度(D23前期)'!$K$5),0)&"" | Z73: =A73 -> ５時限（16：50～18：20） | AA73: フランス語 | BO73: バトミントンサークル
B74: 教 官 | C74: =IFERROR(VLOOKUP(C73,科目・教員!$A$1:$B$357,2,0),"") -> 小西 英則 | E74: =IFERROR(VLOOKUP(E73,科目・教員!$A$1:$B$357,2,0),"") | G74: =IFERROR(VLOOKUP(G73,科目・教員!$A$1:$B$357,2,0),"") | I74: =IFERROR(VLOOKUP(I73,科目・教員!$A$1:$B$357,2,0),"") | K74: =IFERROR(VLOOKUP(K73,科目・教員!$A$1:$B$357,2,0),"") | M74: =IFERROR(VLOOKUP(M73,科目・教員!$A$1:$B$357,2,0),"") | O74: =IFERROR(VLOOKUP(O73,科目・教員!$A$1:$B$357,2,0),"") | Q74: =IFERROR(VLOOKUP(Q73,科目・教員!$A$1:$B$357,2,0),"") | S74: =IFERROR(VLOOKUP(S73,科目・教員!$A$1:$B$357,2,0),"")
B75: 使用教室 | C75: =VLOOKUP($C52,'2025年度(1年前期)'!$B$5:$N$208,COLUMN('2025年度(1年前期)'!$K$5)+1,0)&"" -> 101 | E75: =VLOOKUP($C52,'2025年度(2年前期)'!$B$5:$N$208,COLUMN('2025年度(2年前期)'!$K$5)+1,0)&"" | G75: =VLOOKUP($C52,'2025年度(3年前期)'!$B$5:$N$208,COLUMN('2025年度(3年前期)'!$K$5)+1,0)&"" | I75: =VLOOKUP($C52,'2025年度(4年前期)'!$B$5:$N$208,COLUMN('2025年度(4年前期)'!$K$5)+1,0)&"" | K75: =VLOOKUP($C52,'2025年度(助産前期)'!$B$5:$N$208,COLUMN('2025年度(助産前期)'!$K$5)+1,0)&"" | M75: =VLOOKUP($C52,'2025年度(M1前期)'!$B$5:$N$208,COLUMN('2025年度(M1前期)'!$K$5)+1,0)&"" | O75: =VLOOKUP($C52,'2025年度(M2前期)'!$B$5:$N$208,COLUMN('2025年度(M2前期)'!$K$5)+1,0)&"" | Q75: =VLOOKUP($C52,'2025年度(D1前期)'!$B$5:$N$208,COLUMN('2025年度(D1前期)'!$K$5)+1,0)&"" | S75: =VLOOKUP($C52,'2025年度(D23前期)'!$B$5:$N$208,COLUMN('2025年度(D23前期)'!$K$5)+1,0)&""
B76: 備 考 | C76: 非常勤講師控室B
C77: =C52+1 -> 45842 | U77: =C77 -> 45842 | AA77: 101 | AB77: 102 | AC77: 103 | AD77: 在宅実習室 | AE77: 成人実習室 | AF77: 講堂 | AG77: 201 | AH77: 202 | AI77: 203 | AJ77: 204 | AK77: 205 | AL77: 基礎実習室 | AM77: 母性・小児実習室 | AN77: 演習21 | AO77: 演習22 | AP77: 演習23 | AQ77: 演習24 | AR77: 演習25 | AS77: 演習26 | AT77: 演習27 | AU77: 演習28 | AV77: 演習29 | AW77: 301 | AX77: 302 | AY77: 303 | AZ77: 304 | BA77: 臨床１ | BB77: 臨床２ | BC77: LL1 | BD77: LL2 | BE77: 実験室 | BF77: 情報処理室 | BG77: 演習31 | BH77: 演習32 | BI77: セミナー室１ | BJ77: セミナー室２ | BK77: セミナー室3 | BL77: セミナー室4 | BM77: セミナー室5 | BN77: 大講義室 | BO77: アリーナ | BP77: 多目的ルーム | BQ77: 研修１ | BR77: 研修３ | BS77: 研修４ | BT77: 研修５ | BU77: 研修６ | BV77: 研修７ | BW77: 視聴覚室
A78: １時限（09：20～10：50） | B78: 科目名 | C78: =VLOOKUP($C77,'2025年度(1年前期)'!$B$5:$N$208,COLUMN('2025年度(1年前期)'!$C$5),0)&"" -> 英語Ⅱ(B) | E78: =VLOOKUP($C77,'2025年度(2年前期)'!$B$5:$N$208,COLUMN('2025年度(2年前期)'!$C$5),0)&"" -> 疾病･病態論Ⅱ (廣井先生①) | G78: =VLOOKUP($C77,'2025年度(3年前期)'!$B$5:$N$208,COLUMN('2025年度(3年前期)'!$C$5),0)&"" -> 看護教育論 | I78: =VLOOKUP($C77,'2025年度(4年前期)'!$B$5:$N$208,COLUMN('2025年度(4年前期)'!$C$5),0)&"" -> 政策医療看護学実習 | K78: =VLOOKUP($C77,'2025年度(助産前期)'!$B$5:$N$208,COLUMN('2025年度(助産前期)'!$C$5),0)&"" -> 助産学臨床講義 | M78: =VLOOKUP($C77,'2025年度(M1前期)'!$B$5:$N$208,COLUMN('2025年度(M1前期)'!$C$5),0)&"" -> 保健経済論 | O78: =VLOOKUP($C77,'2025年度(M2前期)'!$B$5:$N$208,COLUMN('2025年度(M2前期)'!$C$5),0)&"" -> 看護情報・管理学演習Ａ－Ⅱ 感染管理看護学演習Ａ－Ⅱ | Q78: =VLOOKUP($C77,'2025年度(D1前期)'!$B$5:$N$208,COLUMN('2025年度(D1前期)'!$C$5),0)&"" -> 精神看護学演習Ｂ | S78: =VLOOKUP($C77,'2025年度(D23前期)'!$B$5:$N$208,COLUMN('2025年度(D23前期)'!$C$5),0)&"" -> 特別研究 | X78: 1～5限 | Y78: 終日 | Z78: =A78 -> １時限（09：20～10：50） | AB78: 英語ⅡB | AD78: 政策医療看護学実習(在宅） | AE78: 成人看護援助論Ⅲ・フィジカルアセスメント 自主練(授業優先) | AG78: 疾病･病態論Ⅱ | AW78: 看護教育論 | BA78: 保健経済論 | BL78: 田村先生
B79: 教 官 | C79: =IFERROR(VLOOKUP(C78,科目・教員!$A$1:$B$357,2,0),"") | E79: =IFERROR(VLOOKUP(E78,科目・教員!$A$1:$B$357,2,0),"") | G79: =IFERROR(VLOOKUP(G78,科目・教員!$A$1:$B$357,2,0),"") -> 亀岡 智美 | I79: =IFERROR(VLOOKUP(I78,科目・教員!$A$1:$B$357,2,0),"") -> 各担当教員 | K79: =IFERROR(VLOOKUP(K78,科目・教員!$A$1:$B$357,2,0),"") | M79: =IFERROR(VLOOKUP(M78,科目・教員!$A$1:$B$357,2,0),"") -> 渡辺 幹司 | O79: =IFERROR(VLOOKUP(O78,科目・教員!$A$1:$B$357,2,0),"") | Q79: =IFERROR(VLOOKUP(Q78,科目・教員!$A$1:$B$357,2,0),"") | S79: =IFERROR(VLOOKUP(S78,科目・教員!$A$1:$B$357,2,0),"") | X79: 政策医療看護学実習(在宅) | Y79: 成人看護援助論Ⅲ
B80: 使用教室 | C80: =VLOOKUP($C77,'2025年度(1年前期)'!$B$5:$N$208,COLUMN('2025年度(1年前期)'!$C$5)+1,0)&"" -> 102 | E80: =VLOOKUP($C77,'2025年度(2年前期)'!$B$5:$N$208,COLUMN('2025年度(2年前期)'!$C$5)+1,0)&"" -> 201 | G80: =VLOOKUP($C77,'2025年度(3年前期)'!$B$5:$N$208,COLUMN('2025年度(3年前期)'!$C$5)+1,0)&"" -> 301 | I80: =VLOOKUP($C77,'2025年度(4年前期)'!$B$5:$N$208,COLUMN('2025年度(4年前期)'!$C$5)+1,0)&"" | K80: =VLOOKUP($C77,'2025年度(助産前期)'!$B$5:$N$208,COLUMN('2025年度(助産前期)'!$C$5)+1,0)&"" | M80: =VLOOKUP($C77,'2025年度(M1前期)'!$B$5:$N$208,COLUMN('2025年度(M1前期)'!C$5)+1,0)&"" -> 臨床講義室1 | O80: =VLOOKUP($C77,'2025年度(M2前期)'!$B$5:$N$208,COLUMN('2025年度(M2前期)'!$C$5)+1,0)&"" -> 情報:別途指定 感染:別途指定 | Q80: =VLOOKUP($C77,'2025年度(D1前期)'!$B$5:$N$208,COLUMN('2025年度(D1前期)'!$C$5)+1,0)&"" -> 別途指定 | S80: =VLOOKUP($C77,'2025年度(D23前期)'!$B$5:$N$208,COLUMN('2025年度(D23前期)'!$C$5)+1,0)&"" | X80: 在宅実習室 | Y80: フィジカルアセスメント
B81: 備 考 | C81: 非常勤講師控室B | E81: 非常勤講師控室A | X81: 河田先生 | Y81: 自主練
A82: ２時限（11：00～12：30） | B82: 科目名 | C82: =VLOOKUP($C77,'2025年度(1年前期)'!$B$5:$N$208,COLUMN('2025年度(1年前期)'!$E$5),0)&"" -> 英語Ⅱ(B) | E82: =VLOOKUP($C77,'2025年度(2年前期)'!$B$5:$N$208,COLUMN('2025年度(2年前期)'!$E$5),0)&"" -> 疾病･病態論Ⅱ (廣井先生②) | G82: =VLOOKUP($C77,'2025年度(3年前期)'!$B$5:$N$208,COLUMN('2025年度(3年前期)'!$E$5),0)&"" -> 看護教育論 | I82: =VLOOKUP($C77,'2025年度(4年前期)'!$B$5:$N$208,COLUMN('2025年度(4年前期)'!$E$5),0)&"" -> 政策医療看護学実習 | K82: =VLOOKUP($C77,'2025年度(助産前期)'!$B$5:$N$208,COLUMN('2025年度(助産前期)'!$E$5),0)&"" -> 助産学臨床講義 | M82: =VLOOKUP($C77,'2025年度(M1前期)'!$B$5:$N$208,COLUMN('2025年度(M1前期)'!$E$5),0)&"" -> 保健経済論 | O82: =VLOOKUP($C77,'2025年度(M2前期)'!$B$5:$N$208,COLUMN('2025年度(M2前期)'!$E$5),0)&"" -> 看護情報・管理学演習Ａ－Ⅱ 感染管理看護学演習Ａ－Ⅱ | Q82: =VLOOKUP($C77,'2025年度(D1前期)'!$B$5:$N$208,COLUMN('2025年度(D1前期)'!$E$5),0)&"" -> 精神看護学演習Ｂ | S82: =VLOOKUP($C77,'2025年度(D23前期)'!$B$5:$N$208,COLUMN('2025年度(D23前期)'!$E$5),0)&"" -> 特別研究 | Z82: =A82 -> ２時限（11：00～12：30） | AB82: 英語ⅡB | AD82: 政策医療看護学実習(在宅） | AE82: 成人看護援助論Ⅲ・フィジカルアセスメント 自主練(授業優先) | AG82: 疾病･病態論Ⅱ | AW82: 看護教育論 | BA82: 保健経済論 | BL82: 田村先生
B83: 教 官 | C83: =IFERROR(VLOOKUP(C82,科目・教員!$A$1:$B$357,2,0),"") | E83: =IFERROR(VLOOKUP(E82,科目・教員!$A$1:$B$357,2,0),"") | G83: =IFERROR(VLOOKUP(G82,科目・教員!$A$1:$B$357,2,0),"") -> 亀岡 智美 | I83: =IFERROR(VLOOKUP(I82,科目・教員!$A$1:$B$357,2,0),"") -> 各担当教員 | K83: =IFERROR(VLOOKUP(K82,科目・教員!$A$1:$B$357,2,0),"") | M83: =IFERROR(VLOOKUP(M82,科目・教員!$A$1:$B$357,2,0),"") -> 渡辺 幹司 | O83: =IFERROR(VLOOKUP(O82,科目・教員!$A$1:$B$357,2,0),"") | Q83: =IFERROR(VLOOKUP(Q82,科目・教員!$A$1:$B$357,2,0),"") | S83: =IFERROR(VLOOKUP(S82,科目・教員!$A$1:$B$357,2,0),"") | X83: 終日 | Y83: 成人看護実習室
B84: 使用教室 | C84: =VLOOKUP($C77,'2025年度(1年前期)'!$B$5:$N$208,COLUMN('2025年度(1年前期)'!$E$5)+1,0)&"" -> 102 | E84: =VLOOKUP($C77,'2025年度(2年前期)'!$B$5:$N$208,COLUMN('2025年度(2年前期)'!$E$5)+1,0)&"" -> 201 | G84: =VLOOKUP($C77,'2025年度(3年前期)'!$B$5:$N$208,COLUMN('2025年度(3年前期)'!$E$5)+1,0)&"" -> 301 | I84: =VLOOKUP($C77,'2025年度(4年前期)'!$B$5:$N$208,COLUMN('2025年度(4年前期)'!$E$5)+1,0)&"" | K84: =VLOOKUP($C77,'2025年度(助産前期)'!$B$5:$N$208,COLUMN('2025年度(助産前期)'!$E$5)+1,0)&"" | M84: =VLOOKUP($C77,'2025年度(M1前期)'!$B$5:$N$208,COLUMN('2025年度(M1前期)'!$E$5)+1,0)&"" -> 臨床講義室1 | O84: =VLOOKUP($C77,'2025年度(M2前期)'!$B$5:$N$208,COLUMN('2025年度(M2前期)'!$E$5)+1,0)&"" -> 情報:別途指定 感染:別途指定 | Q84: =VLOOKUP($C77,'2025年度(D1前期)'!$B$5:$N$208,COLUMN('2025年度(D1前期)'!$E$5)+1,0)&"" -> 別途指定 | S84: =VLOOKUP($C77,'2025年度(D23前期)'!$B$5:$N$208,COLUMN('2025年度(D23前期)'!$E$5)+1,0)&"" | X84: インタビュー | Y84: (授業使用を優先)
B85: 備 考 | C85: 非常勤講師控室B | E85: 非常勤講師控室A | X85: セミナールーム4 | Y85: 長岡先生
A86: 昼休み（12：30～13：30） | B86: 活動名 | X86: 田村先生 | Z86: =A86 -> 昼休み（12：30～13：30）
B87: 責任者
B88: 使用教室
B89: 備 考
A90: ３時限（13：30～15：00） | B90: 科目名 | C90: =VLOOKUP($C77,'2025年度(1年前期)'!$B$5:$N$208,COLUMN('2025年度(1年前期)'!$G$5),0)&"" -> 人体の構造と機能Ⅱ | E90: =VLOOKUP($C77,'2025年度(2年前期)'!$B$5:$N$208,COLUMN('2025年度(2年前期)'!$G$5),0)&"" -> 疾病･病態論Ⅱ (廣井先生③) | G90: =VLOOKUP($C77,'2025年度(3年前期)'!$B$5:$N$208,COLUMN('2025年度(3年前期)'!$G$5),0)&"" | I90: =VLOOKUP($C77,'2025年度(4年前期)'!$B$5:$N$208,COLUMN('2025年度(4年前期)'!$G$5),0)&"" -> 政策医療看護学実習 | K90: =VLOOKUP($C77,'2025年度(助産前期)'!$B$5:$N$208,COLUMN('2025年度(助産前期)'!$G$5),0)&"" -> 助産学臨床講義 | M90: =VLOOKUP($C77,'2025年度(M1前期)'!$B$5:$N$208,COLUMN('2025年度(M1前期)'!$G$5),0)&"" -> 国際看護学特論Ａ－Ⅱ がん看護学特論Ａ－Ⅱ | O90: =VLOOKUP($C77,'2025年度(M2前期)'!$B$5:$N$208,COLUMN('2025年度(M2前期)'!$G$5),0)&"" -> 特別研究 | Q90: =VLOOKUP($C77,'2025年度(D1前期)'!$B$5:$N$208,COLUMN('2025年度(D1前期)'!$G$5),0)&"" -> 看護情報・管理学特論Ｂ | S90: =VLOOKUP($C77,'2025年度(D23前期)'!$B$5:$N$208,COLUMN('2025年度(D23前期)'!$G$5),0)&"" -> 特別研究 | Z90: =A90 -> ３時限（13：30～15：00） | AA90: 人体の構造と機能Ⅱ | AD90: 政策医療看護学実習(在宅） | AE90: 成人看護援助論Ⅲ・フィジカルアセスメント 自主練(授業優先) | AG90: 疾病･病態論Ⅱ | BK90: 近藤 | BL90: 田村先生
B91: 教 官 | C91: =IFERROR(VLOOKUP(C90,科目・教員!$A$1:$B$357,2,0),"") -> 本間 典子 | E91: =IFERROR(VLOOKUP(E90,科目・教員!$A$1:$B$357,2,0),"") | G91: =IFERROR(VLOOKUP(G90,科目・教員!$A$1:$B$357,2,0),"") | I91: =IFERROR(VLOOKUP(I90,科目・教員!$A$1:$B$357,2,0),"") -> 各担当教員 | K91: =IFERROR(VLOOKUP(K90,科目・教員!$A$1:$B$357,2,0),"") | M91: =IFERROR(VLOOKUP(M90,科目・教員!$A$1:$B$357,2,0),"") | O91: =IFERROR(VLOOKUP(O90,科目・教員!$A$1:$B$357,2,0),"") | Q91: =IFERROR(VLOOKUP(Q90,科目・教員!$A$1:$B$357,2,0),"") | S91: =IFERROR(VLOOKUP(S90,科目・教員!$A$1:$B$357,2,0),"")
B92: 使用教室 | C92: =VLOOKUP($C77,'2025年度(1年前期)'!$B$5:$N$208,COLUMN('2025年度(1年前期)'!$G$5)+1,0)&"" -> 101 | E92: =VLOOKUP($C77,'2025年度(2年前期)'!$B$5:$N$208,COLUMN('2025年度(2年前期)'!$G$5)+1,0)&"" -> 201 | G92: =VLOOKUP($C77,'2025年度(3年前期)'!$B$5:$N$208,COLUMN('2025年度(3年前期)'!$G$5)+1,0)&"" | I92: =VLOOKUP($C77,'2025年度(4年前期)'!$B$5:$N$208,COLUMN('2025年度(4年前期)'!$G$5)+1,0)&"" | K92: =VLOOKUP($C77,'2025年度(助産前期)'!$B$5:$N$208,COLUMN('2025年度(助産前期)'!$G$5)+1,0)&"" | M92: =VLOOKUP($C77,'2025年度(M1前期)'!$B$5:$N$208,COLUMN('2025年度(M1前期)'!$G$5)+1,0)&"" -> 国際:別途指定 がん:別途指定 | O92: =VLOOKUP($C77,'2025年度(M2前期)'!$B$5:$N$208,COLUMN('2025年度(M2前期)'!$G$5)+1,0)&"" | Q92: =VLOOKUP($C77,'2025年度(D1前期)'!$B$5:$N$208,COLUMN('2025年度(D1前期)'!$G$5)+1,0)&"" -> 別途指定 | S92: =VLOOKUP($C77,'2025年度(D23前期)'!$B$5:$N$208,COLUMN('2025年度(D23前期)'!$G$5)+1,0)&""
B93: 備 考 | E93: 非常勤講師控室A
A94: ４時限（15：10～16：40） | B94: 科目名 | C94: =VLOOKUP($C77,'2025年度(1年前期)'!$B$5:$N$208,COLUMN('2025年度(1年前期)'!$I$5),0)&"" -> 人体の構造と機能Ⅰ | E94: =VLOOKUP($C77,'2025年度(2年前期)'!$B$5:$N$208,COLUMN('2025年度(2年前期)'!$I$5),0)&"" | G94: =VLOOKUP($C77,'2025年度(3年前期)'!$B$5:$N$208,COLUMN('2025年度(3年前期)'!$I$5),0)&"" | I94: =VLOOKUP($C77,'2025年度(4年前期)'!$B$5:$N$208,COLUMN('2025年度(4年前期)'!$I$5),0)&"" -> 政策医療看護学実習 | K94: =VLOOKUP($C77,'2025年度(助産前期)'!$B$5:$N$208,COLUMN('2025年度(助産前期)'!$I$5),0)&"" -> 助産学臨床講義 | M94: =VLOOKUP($C77,'2025年度(M1前期)'!$B$5:$N$208,COLUMN('2025年度(M1前期)'!$I$5),0)&"" -> 国際看護学特論Ａ－Ⅱ がん看護学特論Ａ－Ⅱ | O94: =VLOOKUP($C77,'2025年度(M2前期)'!$B$5:$N$208,COLUMN('2025年度(M2前期)'!$I$5),0)&"" -> 特別研究 | Q94: =VLOOKUP($C77,'2025年度(D1前期)'!$B$5:$N$208,COLUMN('2025年度(D1前期)'!$I$5),0)&"" -> 看護情報・管理学特論Ｂ | S94: =VLOOKUP($C77,'2025年度(D23前期)'!$B$5:$N$208,COLUMN('2025年度(D23前期)'!$I$5),0)&"" -> 特別研究 | Y94: バスケサークル | Z94: =A94 -> ４時限（15：10～16：40） | AA94: 人体の構造と機能Ⅰ | AD94: 政策医療看護学実習(在宅） | AE94: 成人看護援助論Ⅲ・フィジカルアセスメント 自主練(授業優先) | BL94: 田村先生 | BO94: バスケサークル
B95: 教 官 | C95: =IFERROR(VLOOKUP(C94,科目・教員!$A$1:$B$357,2,0),"") -> 本間 典子 | E95: =IFERROR(VLOOKUP(E94,科目・教員!$A$1:$B$357,2,0),"") | G95: =IFERROR(VLOOKUP(G94,科目・教員!$A$1:$B$357,2,0),"") | I95: =IFERROR(VLOOKUP(I94,科目・教員!$A$1:$B$357,2,0),"") -> 各担当教員 | K95: =IFERROR(VLOOKUP(K94,科目・教員!$A$1:$B$357,2,0),"") | M95: =IFERROR(VLOOKUP(M94,科目・教員!$A$1:$B$357,2,0),"") | O95: =IFERROR(VLOOKUP(O94,科目・教員!$A$1:$B$357,2,0),"") | Q95: =IFERROR(VLOOKUP(Q94,科目・教員!$A$1:$B$357,2,0),"") | S95: =IFERROR(VLOOKUP(S94,科目・教員!$A$1:$B$357,2,0),"") | Y95: 体育棟アリーナ
B96: 使用教室 | C96: =VLOOKUP($C77,'2025年度(1年前期)'!$B$5:$N$208,COLUMN('2025年度(1年前期)'!$I$5)+1,0)&"" -> 101 | E96: =VLOOKUP($C77,'2025年度(2年前期)'!$B$5:$N$208,COLUMN('2025年度(2年前期)'!$I$5)+1,0)&"" | G96: =VLOOKUP($C77,'2025年度(3年前期)'!$B$5:$N$208,COLUMN('2025年度(3年前期)'!$I$5)+1,0)&"" | I96: =VLOOKUP($C77,'2025年度(4年前期)'!$B$5:$N$208,COLUMN('2025年度(4年前期)'!$I$5)+1,0)&"" | K96: =VLOOKUP($C77,'2025年度(助産前期)'!$B$5:$N$208,COLUMN('2025年度(助産前期)'!$I$5)+1,0)&"" | M96: =VLOOKUP($C77,'2025年度(M1前期)'!$B$5:$N$208,COLUMN('2025年度(M1前期)'!$I$5)+1,0)&"" -> 国際:別途指定 がん:別途指定 | O96: =VLOOKUP($C77,'2025年度(M2前期)'!$B$5:$N$208,COLUMN('2025年度(M2前期)'!$I$5)+1,0)&"" | Q96: =VLOOKUP($C77,'2025年度(D1前期)'!$B$5:$N$208,COLUMN('2025年度(D1前期)'!$I$5)+1,0)&"" -> 別途指定 | S96: =VLOOKUP($C77,'2025年度(D23前期)'!$B$5:$N$208,COLUMN('2025年度(D23前期)'!$I$5)+1,0)&"" | Y96: 15：00～20：00
B97: 備 考
A98: ５時限（16：50～18：20） | B98: 科目名 | C98: =VLOOKUP($C77,'2025年度(1年前期)'!$B$5:$N$208,COLUMN('2025年度(1年前期)'!$K$5),0)&"" -> 食の科学 再試の追試 | E98: =VLOOKUP($C77,'2025年度(2年前期)'!$B$5:$N$208,COLUMN('2025年度(2年前期)'!$K$5),0)&"" | G98: =VLOOKUP($C77,'2025年度(3年前期)'!$B$5:$N$208,COLUMN('2025年度(3年前期)'!$K$5),0)&"" | I98: =VLOOKUP($C77,'2025年度(4年前期)'!$B$5:$N$208,COLUMN('2025年度(4年前期)'!$K$5),0)&"" | K98: =VLOOKUP($C77,'2025年度(助産前期)'!$B$5:$N$208,COLUMN('2025年度(助産前期)'!$K$5),0)&"" | M98: =VLOOKUP($C77,'2025年度(M1前期)'!$B$5:$N$208,COLUMN('2025年度(M1前期)'!$K$5),0)&"" | O98: =VLOOKUP($C77,'2025年度(M2前期)'!$B$5:$N$208,COLUMN('2025年度(M2前期)'!$K$5),0)&"" | Q98: =VLOOKUP($C77,'2025年度(D1前期)'!$B$5:$N$208,COLUMN('2025年度(D1前期)'!$K$5),0)&"" | S98: =VLOOKUP($C77,'2025年度(D23前期)'!$B$5:$N$208,COLUMN('2025年度(D23前期)'!$K$5),0)&"" | U98: 食の科学・再試験 | Z98: =A98 -> ５時限（16：50～18：20） | AB98: 食の科学(再試の追試) | AD98: 政策医療看護学実習(在宅） | BL98: 田村先生 | BO98: バスケサークル
B99: 教 官 | C99: =IFERROR(VLOOKUP(C98,科目・教員!$A$1:$B$357,2,0),"") | E99: =IFERROR(VLOOKUP(E98,科目・教員!$A$1:$B$357,2,0),"") | G99: =IFERROR(VLOOKUP(G98,科目・教員!$A$1:$B$357,2,0),"") | I99: =IFERROR(VLOOKUP(I98,科目・教員!$A$1:$B$357,2,0),"") | K99: =IFERROR(VLOOKUP(K98,科目・教員!$A$1:$B$357,2,0),"") | M99: =IFERROR(VLOOKUP(M98,科目・教員!$A$1:$B$357,2,0),"") | O99: =IFERROR(VLOOKUP(O98,科目・教員!$A$1:$B$357,2,0),"") | Q99: =IFERROR(VLOOKUP(Q98,科目・教員!$A$1:$B$357,2,0),"") | S99: =IFERROR(VLOOKUP(S98,科目・教員!$A$1:$B$357,2,0),"") | U99: 追試験 102
B100: 使用教室 | C100: =VLOOKUP($C77,'2025年度(1年前期)'!$B$5:$N$208,COLUMN('2025年度(1年前期)'!$K$5)+1,0)&"" -> 102 | E100: =VLOOKUP($C77,'2025年度(2年前期)'!$B$5:$N$208,COLUMN('2025年度(2年前期)'!$K$5)+1,0)&"" | G100: =VLOOKUP($C77,'2025年度(3年前期)'!$B$5:$N$208,COLUMN('2025年度(3年前期)'!$K$5)+1,0)&"" | I100: =VLOOKUP($C77,'2025年度(4年前期)'!$B$5:$N$208,COLUMN('2025年度(4年前期)'!$K$5)+1,0)&"" | K100: =VLOOKUP($C77,'2025年度(助産前期)'!$B$5:$N$208,COLUMN('2025年度(助産前期)'!$K$5)+1,0)&"" | M100: =VLOOKUP($C77,'2025年度(M1前期)'!$B$5:$N$208,COLUMN('2025年度(M1前期)'!$K$5)+1,0)&"" | O100: =VLOOKUP($C77,'2025年度(M2前期)'!$B$5:$N$208,COLUMN('2025年度(M2前期)'!$K$5)+1,0)&"" | Q100: =VLOOKUP($C77,'2025年度(D1前期)'!$B$5:$N$208,COLUMN('2025年度(D1前期)'!$K$5)+1,0)&"" | S100: =VLOOKUP($C77,'2025年度(D23前期)'!$B$5:$N$208,COLUMN('2025年度(D23前期)'!$K$5)+1,0)&"" | U100: 櫛山
...

Sheet 2025年8月
A1: 45870 | C1: １年 | E1: ２年 | G1: ３年 | I1: ４年 | K1: 助産 | M1: 研究課程部 Ｍ１ | O1: 研究課程部 Ｍ２ | Q1: 研究課程部 Ｄ１ | S1: 研究課程部 Ｄ２３ | U1: =A1 -> 45870 | V1: 授業外その他教室等管理スケジュール | AA1: １階 | AG1: ２階 | AW1: ３階 | BI1: ４階 | BN1: 体育棟 | BP1: 福利棟 | BQ1: 研修棟
C2: =A1 -> 45870 | U2: =C2 -> 45870 | AA2: 101 | AB2: 102 | AC2: 103 | AD2: 在宅実習室 | AE2: 成人実習室 | AF2: 講堂 | AG2: 201 | AH2: 202 | AI2: 203 | AJ2: 204 | AK2: 205 | AL2: 基礎実習室 | AM2: 母性・小児実習室 | AN2: 演習21 | AO2: 演習22 | AP2: 演習23 | AQ2: 演習24 | AR2: 演習25 | AS2: 演習26 | AT2: 演習27 | AU2: 演習28 | AV2: 演習29 | AW2: 301 | AX2: 302 | AY2: 303 | AZ2: 304 | BA2: 臨床１ | BB2: 臨床２ | BC2: LL1 | BD2: LL2 | BE2: 実験室 | BF2: 情報処理室 | BG2: 演習31 | BH2: 演習32 | BI2: セミナー室１ | BJ2: セミナー室２ | BK2: セミナー室3 | BL2: セミナー室4 | BM2: セミナー室5 | BN2: 大講義室 | BO2: アリーナ | BP2: 多目的ルーム | BQ2: 研修１ | BR2: 研修３ | BS2: 研修４ | BT2: 研修５ | BU2: 研修６ | BV2: 研修７ | BW2: 視聴覚室
A3: １時限（09：20～10：50） | B3: 科目名 | C3: =VLOOKUP($C2,'2025年度(1年前期)'!$B$5:$N$208,COLUMN('2025年度(1年前期)'!$C$5),0)&"" -> 多職種連携演習 | E3: =VLOOKUP($C2,'2025年度(2年前期)'!$B$5:$N$208,COLUMN('2025年度(2年前期)'!$C$5),0)&"" -> 多職種連携演習 | G3: =VLOOKUP($C2,'2025年度(3年前期)'!$B$5:$N$208,COLUMN('2025年度(3年前期)'!$C$5),0)&"" -> 周産期看護 追再試 | I3: =VLOOKUP($C2,'2025年度(4年前期)'!$B$5:$N$208,COLUMN('2025年度(4年前期)'!$C$5),0)&"" -> 国際看護学実習Ⅱ | K3: =VLOOKUP($C2,'2025年度(助産前期)'!$B$5:$N$208,COLUMN('2025年度(助産前期)'!$C$5),0)&"" | M3: =VLOOKUP($C2,'2025年度(M1前期)'!$B$5:$N$208,COLUMN('2025年度(M1前期)'!$C$5),0)&"" -> 保健経済論 | O3: =VLOOKUP($C2,'2025年度(M2前期)'!$B$5:$N$208,COLUMN('2025年度(M2前期)'!$C$5),0)&"" -> 看護情報・管理学演習Ａ－Ⅱ 感染管理看護学演習Ａ－Ⅱ | Q3: =VLOOKUP($C2,'2025年度(D1前期)'!$B$5:$N$208,COLUMN('2025年度(D1前期)'!$C$5),0)&"" -> 精神看護学演習Ｂ | S3: =VLOOKUP($C2,'2025年度(D23前期)'!$B$5:$N$208,COLUMN('2025年度(D23前期)'!$C$5),0)&"" -> 特別研究 | U3: 助産 自主練習 | V3: 1～2限 | Y3: 9:00-18:00 | Z3: =A3 -> １時限（09：20～10：50） | AA3: 卒研 松岡先生 | AE3: 成人看護領域自主練 | AX3: 周産期看護 追再試 | BA3: 保健経済論
B4: 教 官 | C4: =IFERROR(VLOOKUP(C3,科目・教員!$A$1:$B$357,2,0),"") | E4: =IFERROR(VLOOKUP(E3,科目・教員!$A$1:$B$357,2,0),"") | G4: =IFERROR(VLOOKUP(G3,科目・教員!$A$1:$B$357,2,0),"") | I4: =IFERROR(VLOOKUP(I3,科目・教員!$A$1:$B$357,2,0),"") -> 須藤 恭子 | K4: =IFERROR(VLOOKUP(K3,科目・教員!$A$1:$B$357,2,0),"") | M4: =IFERROR(VLOOKUP(M3,科目・教員!$A$1:$B$357,2,0),"") -> 渡辺 幹司 | O4: =IFERROR(VLOOKUP(O3,科目・教員!$A$1:$B$357,2,0),"") | Q4: =IFERROR(VLOOKUP(Q3,科目・教員!$A$1:$B$357,2,0),"") | S4: =IFERROR(VLOOKUP(S3,科目・教員!$A$1:$B$357,2,0),"") | U4: 助産学履修生7名 | V4: 卒研 | Y4: 成人看護領域自主練
